number,season,episode,airdate,title,tvmaze link
# Linea de comentario
1,1,1,17 Dec 89,"Simpsons Roasting on an Open Fire","https://www.tvmaze.com/episodes/4998/the-simpsons-1x01-simpsons-roasting-on-an-open-fire"
2,1,2,14 Jan 90,"Bart the Genius","https://www.tvmaze.com/episodes/4999/the-simpsons-1x02-bart-the-genius"
3,1,3,21 Jan 90,"Homer's Odyssey","https://www.tvmaze.com/episodes/5000/the-simpsons-1x03-homers-odyssey"
4,1,4,28 Jan 90,"There's No Disgrace Like Home","https://www.tvmaze.com/episodes/5001/the-simpsons-1x04-theres-no-disgrace-like-home"
5,1,5,04 Feb 90,"Bart the General","https://www.tvmaze.com/episodes/5002/the-simpsons-1x05-bart-the-general"
6,1,6,11 Feb 90,"Moaning Lisa","https://www.tvmaze.com/episodes/5003/the-simpsons-1x06-moaning-lisa"
7,1,7,18 Feb 90,"The Call of the Simpsons","https://www.tvmaze.com/episodes/5004/the-simpsons-1x07-the-call-of-the-simpsons"
8,1,8,25 Feb 90,"The Telltale Head","https://www.tvmaze.com/episodes/5005/the-simpsons-1x08-the-telltale-head"
9,1,9,18 Mar 90,"Life on the Fast Lane","https://www.tvmaze.com/episodes/5006/the-simpsons-1x09-life-on-the-fast-lane"
10,1,10,25 Mar 90,"Homer's Night Out","https://www.tvmaze.com/episodes/5007/the-simpsons-1x10-homers-night-out"
11,1,11,15 Apr 90,"The Crepes of Wrath","https://www.tvmaze.com/episodes/5008/the-simpsons-1x11-the-crepes-of-wrath"
12,1,12,29 Apr 90,"Krusty Gets Busted","https://www.tvmaze.com/episodes/5009/the-simpsons-1x12-krusty-gets-busted"
13,1,13,13 May 90,"Some Enchanted Evening","https://www.tvmaze.com/episodes/5010/the-simpsons-1x13-some-enchanted-evening"
14,2,1,11 Oct 90,"Bart Gets an F","https://www.tvmaze.com/episodes/5011/the-simpsons-2x01-bart-gets-an-f"
15,2,2,18 Oct 90,"Simpson and Delilah","https://www.tvmaze.com/episodes/5012/the-simpsons-2x02-simpson-and-delilah"
16,2,3,25 Oct 90,"Treehouse of Horror","https://www.tvmaze.com/episodes/5013/the-simpsons-2x03-treehouse-of-horror"
17,2,4,01 Nov 90,"Two Cars in Every Garage and Three Eyes on Every Fish","https://www.tvmaze.com/episodes/5014/the-simpsons-2x04-two-cars-in-every-garage-and-three-eyes-on-every-fish"
18,2,5,08 Nov 90,"Dancin' Homer","https://www.tvmaze.com/episodes/5015/the-simpsons-2x05-dancin-homer"
19,2,6,15 Nov 90,"Dead Putting Society","https://www.tvmaze.com/episodes/5016/the-simpsons-2x06-dead-putting-society"
20,2,7,22 Nov 90,"Bart vs. Thanksgiving","https://www.tvmaze.com/episodes/5017/the-simpsons-2x07-bart-vs-thanksgiving"
21,2,8,06 Dec 90,"Bart the Daredevil","https://www.tvmaze.com/episodes/5018/the-simpsons-2x08-bart-the-daredevil"
22,2,9,20 Dec 90,"Itchy &amp; Scratchy &amp; Marge","https://www.tvmaze.com/episodes/5019/the-simpsons-2x09-itchy-amp-scratchy-amp-marge"
23,2,10,10 Jan 91,"Bart Gets Hit by a Car","https://www.tvmaze.com/episodes/5020/the-simpsons-2x10-bart-gets-hit-by-a-car"
24,2,11,24 Jan 91,"One Fish, Two Fish, Blowfish, Blue Fish","https://www.tvmaze.com/episodes/5021/the-simpsons-2x11-one-fish-two-fish-blowfish-blue-fish"
25,2,12,31 Jan 91,"The Way We Was","https://www.tvmaze.com/episodes/5022/the-simpsons-2x12-the-way-we-was"
26,2,13,07 Feb 91,"Homer vs. Lisa and the Eighth Commandment","https://www.tvmaze.com/episodes/5023/the-simpsons-2x13-homer-vs-lisa-and-the-eighth-commandment"
27,2,14,14 Feb 91,"Principal Charming","https://www.tvmaze.com/episodes/5024/the-simpsons-2x14-principal-charming"
28,2,15,21 Feb 91,"Oh Brother, Where Art Thou?","https://www.tvmaze.com/episodes/5025/the-simpsons-2x15-oh-brother-where-art-thou"
29,2,16,07 Mar 91,"Bart's Dog Gets an F","https://www.tvmaze.com/episodes/5026/the-simpsons-2x16-barts-dog-gets-an-f"
30,2,17,28 Mar 91,"Old Money","https://www.tvmaze.com/episodes/5027/the-simpsons-2x17-old-money"
31,2,18,11 Apr 91,"Brush with Greatness","https://www.tvmaze.com/episodes/5028/the-simpsons-2x18-brush-with-greatness"
32,2,19,25 Apr 91,"Lisa's Substitute","https://www.tvmaze.com/episodes/5029/the-simpsons-2x19-lisas-substitute"
33,2,20,02 May 91,"The War of the Simpsons","https://www.tvmaze.com/episodes/5030/the-simpsons-2x20-the-war-of-the-simpsons"
34,2,21,09 May 91,"Three Men and a Comic Book","https://www.tvmaze.com/episodes/5031/the-simpsons-2x21-three-men-and-a-comic-book"
35,2,22,11 Jul 91,"Blood Feud","https://www.tvmaze.com/episodes/5032/the-simpsons-2x22-blood-feud"
36,3,1,19 Sep 91,"Stark Raving Dad","https://www.tvmaze.com/episodes/5033/the-simpsons-3x01-stark-raving-dad"
37,3,2,26 Sep 91,"Mr. Lisa Goes to Washington","https://www.tvmaze.com/episodes/5034/the-simpsons-3x02-mr-lisa-goes-to-washington"
38,3,3,03 Oct 91,"When Flanders Failed","https://www.tvmaze.com/episodes/5035/the-simpsons-3x03-when-flanders-failed"
39,3,4,10 Oct 91,"Bart the Murderer","https://www.tvmaze.com/episodes/5036/the-simpsons-3x04-bart-the-murderer"
40,3,5,17 Oct 91,"Homer Defined","https://www.tvmaze.com/episodes/5037/the-simpsons-3x05-homer-defined"
41,3,6,24 Oct 91,"Like Father Like Clown","https://www.tvmaze.com/episodes/5038/the-simpsons-3x06-like-father-like-clown"
42,3,7,31 Oct 91,"Treehouse of Horror II","https://www.tvmaze.com/episodes/5039/the-simpsons-3x07-treehouse-of-horror-ii"
43,3,8,07 Nov 91,"Lisa's Pony","https://www.tvmaze.com/episodes/5040/the-simpsons-3x08-lisas-pony"
44,3,9,14 Nov 91,"Saturdays of Thunder","https://www.tvmaze.com/episodes/5041/the-simpsons-3x09-saturdays-of-thunder"
45,3,10,21 Nov 91,"Flaming Moe's","https://www.tvmaze.com/episodes/5042/the-simpsons-3x10-flaming-moes"
46,3,11,05 Dec 91,"Burns Verkaufen der Kraftwerk","https://www.tvmaze.com/episodes/5043/the-simpsons-3x11-burns-verkaufen-der-kraftwerk"
47,3,12,26 Dec 91,"I Married Marge","https://www.tvmaze.com/episodes/5044/the-simpsons-3x12-i-married-marge"
48,3,13,09 Jan 92,"Radio Bart","https://www.tvmaze.com/episodes/5045/the-simpsons-3x13-radio-bart"
49,3,14,23 Jan 92,"Lisa the Greek","https://www.tvmaze.com/episodes/5046/the-simpsons-3x14-lisa-the-greek"
50,3,15,06 Feb 92,"Homer Alone","https://www.tvmaze.com/episodes/5047/the-simpsons-3x15-homer-alone"
51,3,16,13 Feb 92,"Bart the Lover","https://www.tvmaze.com/episodes/5048/the-simpsons-3x16-bart-the-lover"
52,3,17,20 Feb 92,"Homer at the Bat","https://www.tvmaze.com/episodes/5049/the-simpsons-3x17-homer-at-the-bat"
53,3,18,27 Feb 92,"Separate Vocations","https://www.tvmaze.com/episodes/5050/the-simpsons-3x18-separate-vocations"
54,3,19,12 Mar 92,"Dog of Death","https://www.tvmaze.com/episodes/5051/the-simpsons-3x19-dog-of-death"
55,3,20,26 Mar 92,"Colonel Homer","https://www.tvmaze.com/episodes/5052/the-simpsons-3x20-colonel-homer"
56,3,21,09 Apr 92,"Black Widower","https://www.tvmaze.com/episodes/5053/the-simpsons-3x21-black-widower"
57,3,22,23 Apr 92,"The Otto Show","https://www.tvmaze.com/episodes/5054/the-simpsons-3x22-the-otto-show"
58,3,23,07 May 92,"Bart's Friend Falls in Love","https://www.tvmaze.com/episodes/5055/the-simpsons-3x23-barts-friend-falls-in-love"
59,3,24,27 Aug 92,"Brother, Can You Spare Two Dimes?","https://www.tvmaze.com/episodes/5056/the-simpsons-3x24-brother-can-you-spare-two-dimes"
60,4,1,24 Sep 92,"Kamp Krusty","https://www.tvmaze.com/episodes/5057/the-simpsons-4x01-kamp-krusty"
61,4,2,01 Oct 92,"A Streetcar Named Marge","https://www.tvmaze.com/episodes/5058/the-simpsons-4x02-a-streetcar-named-marge"
62,4,3,08 Oct 92,"Homer the Heretic","https://www.tvmaze.com/episodes/5059/the-simpsons-4x03-homer-the-heretic"
63,4,4,15 Oct 92,"Lisa the Beauty Queen","https://www.tvmaze.com/episodes/5060/the-simpsons-4x04-lisa-the-beauty-queen"
64,4,5,29 Oct 92,"Treehouse of Horror III","https://www.tvmaze.com/episodes/5061/the-simpsons-4x05-treehouse-of-horror-iii"
65,4,6,03 Nov 92,"Itchy &amp; Scratchy: The Movie","https://www.tvmaze.com/episodes/5062/the-simpsons-4x06-itchy-amp-scratchy-the-movie"
66,4,7,05 Nov 92,"Marge Gets a Job","https://www.tvmaze.com/episodes/5063/the-simpsons-4x07-marge-gets-a-job"
67,4,8,12 Nov 92,"The New Kid on the Block","https://www.tvmaze.com/episodes/5064/the-simpsons-4x08-the-new-kid-on-the-block"
68,4,9,19 Nov 92,"Mr. Plow","https://www.tvmaze.com/episodes/5065/the-simpsons-4x09-mr-plow"
69,4,10,03 Dec 92,"Lisa's First Word","https://www.tvmaze.com/episodes/5066/the-simpsons-4x10-lisas-first-word"
70,4,11,17 Dec 92,"Homer's Triple Bypass","https://www.tvmaze.com/episodes/5067/the-simpsons-4x11-homers-triple-bypass"
71,4,12,14 Jan 93,"Marge vs. the Monorail","https://www.tvmaze.com/episodes/5068/the-simpsons-4x12-marge-vs-the-monorail"
72,4,13,21 Jan 93,"Selma's Choice","https://www.tvmaze.com/episodes/5069/the-simpsons-4x13-selmas-choice"
73,4,14,04 Feb 93,"Brother from the Same Planet","https://www.tvmaze.com/episodes/5070/the-simpsons-4x14-brother-from-the-same-planet"
74,4,15,11 Feb 93,"I Love Lisa","https://www.tvmaze.com/episodes/5071/the-simpsons-4x15-i-love-lisa"
75,4,16,18 Feb 93,"Duffless","https://www.tvmaze.com/episodes/5072/the-simpsons-4x16-duffless"
76,4,17,11 Mar 93,"Last Exit to Springfield","https://www.tvmaze.com/episodes/5073/the-simpsons-4x17-last-exit-to-springfield"
77,4,18,01 Apr 93,"So It's Come to This: A Simpsons Clip Show","https://www.tvmaze.com/episodes/5074/the-simpsons-4x18-so-its-come-to-this-a-simpsons-clip-show"
78,4,19,15 Apr 93,"The Front","https://www.tvmaze.com/episodes/5075/the-simpsons-4x19-the-front"
79,4,20,29 Apr 93,"Whacking Day","https://www.tvmaze.com/episodes/5076/the-simpsons-4x20-whacking-day"
80,4,21,06 May 93,"Marge in Chains","https://www.tvmaze.com/episodes/5077/the-simpsons-4x21-marge-in-chains"
81,4,22,13 May 93,"Krusty Gets Kancelled","https://www.tvmaze.com/episodes/5078/the-simpsons-4x22-krusty-gets-kancelled"
82,5,1,30 Sep 93,"Homer's Barbershop Quartet","https://www.tvmaze.com/episodes/5079/the-simpsons-5x01-homers-barbershop-quartet"
83,5,2,07 Oct 93,"Cape Feare","https://www.tvmaze.com/episodes/5080/the-simpsons-5x02-cape-feare"
84,5,3,14 Oct 93,"Homer Goes to College","https://www.tvmaze.com/episodes/5081/the-simpsons-5x03-homer-goes-to-college"
85,5,4,21 Oct 93,"Rosebud","https://www.tvmaze.com/episodes/5082/the-simpsons-5x04-rosebud"
86,5,5,28 Oct 93,"Treehouse of Horror IV","https://www.tvmaze.com/episodes/5083/the-simpsons-5x05-treehouse-of-horror-iv"
87,5,6,04 Nov 93,"Marge on the Lam","https://www.tvmaze.com/episodes/5084/the-simpsons-5x06-marge-on-the-lam"
88,5,7,11 Nov 93,"Bart's Inner Child","https://www.tvmaze.com/episodes/5085/the-simpsons-5x07-barts-inner-child"
89,5,8,18 Nov 93,"Boy-Scoutz 'n the Hood","https://www.tvmaze.com/episodes/5086/the-simpsons-5x08-boy-scoutz-n-the-hood"
90,5,9,09 Dec 93,"The Last Temptation of Homer","https://www.tvmaze.com/episodes/5087/the-simpsons-5x09-the-last-temptation-of-homer"
91,5,10,16 Dec 93,"$pringfield (or, How I Learned to Stop Worrying and Love Legalized Gambling)","https://www.tvmaze.com/episodes/5088/the-simpsons-5x10-pringfield-or-how-i-learned-to-stop-worrying-and-love-legalized-gambling"
92,5,11,06 Jan 94,"Homer the Vigilante","https://www.tvmaze.com/episodes/5089/the-simpsons-5x11-homer-the-vigilante"
93,5,12,03 Feb 94,"Bart Gets Famous","https://www.tvmaze.com/episodes/5090/the-simpsons-5x12-bart-gets-famous"
94,5,13,10 Feb 94,"Homer and Apu","https://www.tvmaze.com/episodes/5091/the-simpsons-5x13-homer-and-apu"
95,5,14,17 Feb 94,"Lisa vs. Malibu Stacy","https://www.tvmaze.com/episodes/5092/the-simpsons-5x14-lisa-vs-malibu-stacy"
96,5,15,24 Feb 94,"Deep Space Homer","https://www.tvmaze.com/episodes/5093/the-simpsons-5x15-deep-space-homer"
97,5,16,17 Mar 94,"Homer Loves Flanders","https://www.tvmaze.com/episodes/5094/the-simpsons-5x16-homer-loves-flanders"
98,5,17,31 Mar 94,"Bart Gets an Elephant","https://www.tvmaze.com/episodes/5095/the-simpsons-5x17-bart-gets-an-elephant"
99,5,18,14 Apr 94,"Burns' Heir","https://www.tvmaze.com/episodes/5096/the-simpsons-5x18-burns-heir"
100,5,19,28 Apr 94,"Sweet Seymour Skinner's Baadasssss Song","https://www.tvmaze.com/episodes/5097/the-simpsons-5x19-sweet-seymour-skinners-baadasssss-song"
101,5,20,05 May 94,"The Boy Who Knew Too Much","https://www.tvmaze.com/episodes/5098/the-simpsons-5x20-the-boy-who-knew-too-much"
102,5,21,12 May 94,"Lady Bouvier's Lover","https://www.tvmaze.com/episodes/5099/the-simpsons-5x21-lady-bouviers-lover"
103,5,22,19 May 94,"Secrets of a Successful Marriage","https://www.tvmaze.com/episodes/5100/the-simpsons-5x22-secrets-of-a-successful-marriage"
104,6,1,04 Sep 94,"Bart of Darkness","https://www.tvmaze.com/episodes/5101/the-simpsons-6x01-bart-of-darkness"
105,6,2,11 Sep 94,"Lisa's Rival","https://www.tvmaze.com/episodes/5102/the-simpsons-6x02-lisas-rival"
106,6,3,25 Sep 94,"Another Simpsons Clip Show","https://www.tvmaze.com/episodes/5103/the-simpsons-6x03-another-simpsons-clip-show"
107,6,4,02 Oct 94,"Itchy & Scratchy Land","https://www.tvmaze.com/episodes/5104/the-simpsons-6x04-itchy-scratchy-land"
108,6,5,09 Oct 94,"Sideshow Bob Roberts","https://www.tvmaze.com/episodes/5105/the-simpsons-6x05-sideshow-bob-roberts"
109,6,6,30 Oct 94,"Treehouse of Horror V","https://www.tvmaze.com/episodes/5106/the-simpsons-6x06-treehouse-of-horror-v"
110,6,7,06 Nov 94,"Bart's Girlfriend","https://www.tvmaze.com/episodes/5107/the-simpsons-6x07-barts-girlfriend"
111,6,8,13 Nov 94,"Lisa on Ice","https://www.tvmaze.com/episodes/5108/the-simpsons-6x08-lisa-on-ice"
112,6,9,27 Nov 94,"Homer Badman","https://www.tvmaze.com/episodes/5109/the-simpsons-6x09-homer-badman"
113,6,10,04 Dec 94,"Grandpa vs. Sexual Inadequacy","https://www.tvmaze.com/episodes/5110/the-simpsons-6x10-grandpa-vs-sexual-inadequacy"
114,6,11,18 Dec 94,"Fear of Flying","https://www.tvmaze.com/episodes/5111/the-simpsons-6x11-fear-of-flying"
115,6,12,08 Jan 95,"Homer the Great","https://www.tvmaze.com/episodes/5112/the-simpsons-6x12-homer-the-great"
116,6,13,22 Jan 95,"And Maggie Makes Three","https://www.tvmaze.com/episodes/5113/the-simpsons-6x13-and-maggie-makes-three"
117,6,14,05 Feb 95,"Bart's Comet","https://www.tvmaze.com/episodes/5114/the-simpsons-6x14-barts-comet"
118,6,15,12 Feb 95,"Homie the Clown","https://www.tvmaze.com/episodes/5115/the-simpsons-6x15-homie-the-clown"
119,6,16,19 Feb 95,"Bart vs. Australia","https://www.tvmaze.com/episodes/5116/the-simpsons-6x16-bart-vs-australia"
120,6,17,26 Feb 95,"Homer vs. Patty and Selma","https://www.tvmaze.com/episodes/5117/the-simpsons-6x17-homer-vs-patty-and-selma"
121,6,18,05 Mar 95,"A Star is Burns","https://www.tvmaze.com/episodes/5118/the-simpsons-6x18-a-star-is-burns"
122,6,19,19 Mar 95,"Lisa's Wedding","https://www.tvmaze.com/episodes/5119/the-simpsons-6x19-lisas-wedding"
123,6,20,09 Apr 95,"Two Dozen and One Greyhounds","https://www.tvmaze.com/episodes/5120/the-simpsons-6x20-two-dozen-and-one-greyhounds"
124,6,21,16 Apr 95,"The PTA Disbands","https://www.tvmaze.com/episodes/5121/the-simpsons-6x21-the-pta-disbands"
125,6,22,30 Apr 95,"Round Springfield","https://www.tvmaze.com/episodes/5122/the-simpsons-6x22-round-springfield"
126,6,23,07 May 95,"The Springfield Connection","https://www.tvmaze.com/episodes/5123/the-simpsons-6x23-the-springfield-connection"
127,6,24,14 May 95,"Lemon of Troy","https://www.tvmaze.com/episodes/5124/the-simpsons-6x24-lemon-of-troy"
128,6,25,21 May 95,"Who Shot Mr. Burns? (1)","https://www.tvmaze.com/episodes/5125/the-simpsons-6x25-who-shot-mr-burns-1"
129,7,1,17 Sep 95,"Who Shot Mr. Burns? (2)","https://www.tvmaze.com/episodes/5126/the-simpsons-7x01-who-shot-mr-burns-2"
130,7,2,24 Sep 95,"Radioactive Man","https://www.tvmaze.com/episodes/5127/the-simpsons-7x02-radioactive-man"
131,7,3,01 Oct 95,"Home Sweet Homediddly-Dum-Doodily","https://www.tvmaze.com/episodes/5128/the-simpsons-7x03-home-sweet-homediddly-dum-doodily"
132,7,4,08 Oct 95,"Bart Sells His Soul","https://www.tvmaze.com/episodes/5129/the-simpsons-7x04-bart-sells-his-soul"
133,7,5,15 Oct 95,"Lisa the Vegetarian","https://www.tvmaze.com/episodes/5130/the-simpsons-7x05-lisa-the-vegetarian"
134,7,6,29 Oct 95,"Treehouse of Horror VI","https://www.tvmaze.com/episodes/5131/the-simpsons-7x06-treehouse-of-horror-vi"
135,7,7,05 Nov 95,"King-Size Homer","https://www.tvmaze.com/episodes/5132/the-simpsons-7x07-king-size-homer"
136,7,8,19 Nov 95,"Mother Simpson","https://www.tvmaze.com/episodes/5133/the-simpsons-7x08-mother-simpson"
137,7,9,26 Nov 95,"Sideshow Bob's Last Gleaming","https://www.tvmaze.com/episodes/5134/the-simpsons-7x09-sideshow-bobs-last-gleaming"
138,7,10,03 Dec 95,"The Simpsons 138th Episode Spectacular","https://www.tvmaze.com/episodes/5135/the-simpsons-7x10-the-simpsons-138th-episode-spectacular"
139,7,11,17 Dec 95,"Marge Be Not Proud","https://www.tvmaze.com/episodes/5136/the-simpsons-7x11-marge-be-not-proud"
140,7,12,07 Jan 96,"Team Homer","https://www.tvmaze.com/episodes/5137/the-simpsons-7x12-team-homer"
141,7,13,14 Jan 96,"Two Bad Neighbors","https://www.tvmaze.com/episodes/5138/the-simpsons-7x13-two-bad-neighbors"
142,7,14,04 Feb 96,"Scenes from the Class Struggle in Springfield","https://www.tvmaze.com/episodes/5139/the-simpsons-7x14-scenes-from-the-class-struggle-in-springfield"
143,7,15,11 Feb 96,"Bart the Fink","https://www.tvmaze.com/episodes/5140/the-simpsons-7x15-bart-the-fink"
144,7,16,18 Feb 96,"Lisa the Iconoclast","https://www.tvmaze.com/episodes/5141/the-simpsons-7x16-lisa-the-iconoclast"
145,7,17,25 Feb 96,"Homer the Smithers","https://www.tvmaze.com/episodes/5142/the-simpsons-7x17-homer-the-smithers"
146,7,18,17 Mar 96,"The Day the Violence Died","https://www.tvmaze.com/episodes/5143/the-simpsons-7x18-the-day-the-violence-died"
147,7,19,24 Mar 96,"A Fish Called Selma","https://www.tvmaze.com/episodes/5144/the-simpsons-7x19-a-fish-called-selma"
148,7,20,31 Mar 96,"Bart on the Road","https://www.tvmaze.com/episodes/5145/the-simpsons-7x20-bart-on-the-road"
149,7,21,14 Apr 96,"22 Short Films About Springfield","https://www.tvmaze.com/episodes/5146/the-simpsons-7x21-22-short-films-about-springfield"
150,7,22,28 Apr 96,"Raging Abe Simpson and His Grumbling Grandson in "The Curse of the Flying Hellfish"","https://www.tvmaze.com/episodes/5147/the-simpsons-7x22-raging-abe-simpson-and-his-grumbling-grandson-in-the-curse-of-the-flying-hellfish"
151,7,23,05 May 96,"Much Apu About Nothing","https://www.tvmaze.com/episodes/5148/the-simpsons-7x23-much-apu-about-nothing"
152,7,24,19 May 96,"Homerpalooza","https://www.tvmaze.com/episodes/5149/the-simpsons-7x24-homerpalooza"
153,7,25,19 May 96,"Summer of 4 ft. 2","https://www.tvmaze.com/episodes/5150/the-simpsons-7x25-summer-of-4-ft-2"
154,8,1,27 Oct 96,"Treehouse of Horror VII","https://www.tvmaze.com/episodes/5151/the-simpsons-8x01-treehouse-of-horror-vii"
155,8,2,03 Nov 96,"You Only Move Twice","https://www.tvmaze.com/episodes/5152/the-simpsons-8x02-you-only-move-twice"
156,8,3,10 Nov 96,"The Homer They Fall","https://www.tvmaze.com/episodes/5153/the-simpsons-8x03-the-homer-they-fall"
157,8,4,17 Nov 96,"Burns, Baby Burns","https://www.tvmaze.com/episodes/5154/the-simpsons-8x04-burns-baby-burns"
158,8,5,24 Nov 96,"Bart After Dark","https://www.tvmaze.com/episodes/5155/the-simpsons-8x05-bart-after-dark"
159,8,6,01 Dec 96,"A Milhouse Divided","https://www.tvmaze.com/episodes/5156/the-simpsons-8x06-a-milhouse-divided"
160,8,7,15 Dec 96,"Lisa's Date with Density","https://www.tvmaze.com/episodes/5157/the-simpsons-8x07-lisas-date-with-density"
161,8,8,29 Dec 96,"Hurricane Neddy","https://www.tvmaze.com/episodes/5158/the-simpsons-8x08-hurricane-neddy"
162,8,9,05 Jan 97,"El Viaje de Nuestro Jomer (The Mysterious Voyage of Homer)","https://www.tvmaze.com/episodes/5159/the-simpsons-8x09-el-viaje-de-nuestro-jomer-the-mysterious-voyage-of-homer"
163,8,10,12 Jan 97,"The Springfield Files","https://www.tvmaze.com/episodes/5160/the-simpsons-8x10-the-springfield-files"
164,8,11,19 Jan 97,"The Twisted World of Marge Simpson","https://www.tvmaze.com/episodes/5161/the-simpsons-8x11-the-twisted-world-of-marge-simpson"
165,8,12,02 Feb 97,"Mountain of Madness","https://www.tvmaze.com/episodes/5162/the-simpsons-8x12-mountain-of-madness"
166,8,13,07 Feb 97,"Simpsoncalifragilisticexpiala (Annoyed Grunt) cious","https://www.tvmaze.com/episodes/5163/the-simpsons-8x13-simpsoncalifragilisticexpiala-annoyed-grunt-cious"
167,8,14,09 Feb 97,"The Itchy & Scratchy & Poochie Show","https://www.tvmaze.com/episodes/5164/the-simpsons-8x14-the-itchy-scratchy-poochie-show"
168,8,15,16 Feb 97,"Homer's Phobia","https://www.tvmaze.com/episodes/5165/the-simpsons-8x15-homers-phobia"
169,8,16,23 Feb 97,"Brother from Another Series","https://www.tvmaze.com/episodes/5166/the-simpsons-8x16-brother-from-another-series"
170,8,17,02 Mar 97,"My Sister, My Sitter","https://www.tvmaze.com/episodes/5167/the-simpsons-8x17-my-sister-my-sitter"
171,8,18,16 Mar 97,"Homer vs. the Eighteenth Amendment","https://www.tvmaze.com/episodes/5168/the-simpsons-8x18-homer-vs-the-eighteenth-amendment"
172,8,19,06 Apr 97,"Grade School Confidential","https://www.tvmaze.com/episodes/5169/the-simpsons-8x19-grade-school-confidential"
173,8,20,13 Apr 97,"The Canine Mutiny","https://www.tvmaze.com/episodes/5170/the-simpsons-8x20-the-canine-mutiny"
174,8,21,20 Apr 97,"The Old Man and Lisa","https://www.tvmaze.com/episodes/5171/the-simpsons-8x21-the-old-man-and-lisa"
175,8,22,27 Apr 97,"In Marge We Trust","https://www.tvmaze.com/episodes/5172/the-simpsons-8x22-in-marge-we-trust"
176,8,23,04 May 97,"Homer's Enemy","https://www.tvmaze.com/episodes/5173/the-simpsons-8x23-homers-enemy"
177,8,24,11 May 97,"The Simpsons Spin-Off Showcase","https://www.tvmaze.com/episodes/5174/the-simpsons-8x24-the-simpsons-spin-off-showcase"
178,8,25,18 May 97,"The Secret War of Lisa Simpson","https://www.tvmaze.com/episodes/5175/the-simpsons-8x25-the-secret-war-of-lisa-simpson"
179,9,1,21 Sep 97,"The City of New York vs. Homer Simpson","https://www.tvmaze.com/episodes/5176/the-simpsons-9x01-the-city-of-new-york-vs-homer-simpson"
180,9,2,28 Sep 97,"The Principal and the Pauper","https://www.tvmaze.com/episodes/5177/the-simpsons-9x02-the-principal-and-the-pauper"
181,9,3,19 Oct 97,"Lisa's Sax","https://www.tvmaze.com/episodes/5178/the-simpsons-9x03-lisas-sax"
182,9,4,26 Oct 97,"Treehouse of Horror VIII","https://www.tvmaze.com/episodes/5179/the-simpsons-9x04-treehouse-of-horror-viii"
183,9,5,02 Nov 97,"The Cartridge Family","https://www.tvmaze.com/episodes/5180/the-simpsons-9x05-the-cartridge-family"
184,9,6,09 Nov 97,"Bart Star","https://www.tvmaze.com/episodes/5181/the-simpsons-9x06-bart-star"
185,9,7,16 Nov 97,"The Two Mrs. Nahasapeemapetilons","https://www.tvmaze.com/episodes/5182/the-simpsons-9x07-the-two-mrs-nahasapeemapetilons"
186,9,8,23 Nov 97,"Lisa the Skeptic","https://www.tvmaze.com/episodes/5183/the-simpsons-9x08-lisa-the-skeptic"
187,9,9,07 Dec 97,"Realty Bites","https://www.tvmaze.com/episodes/5184/the-simpsons-9x09-realty-bites"
188,9,10,21 Dec 97,"Miracle on Evergreen Terrace","https://www.tvmaze.com/episodes/5185/the-simpsons-9x10-miracle-on-evergreen-terrace"
189,9,11,04 Jan 98,"All Singing, All Dancing","https://www.tvmaze.com/episodes/5186/the-simpsons-9x11-all-singing-all-dancing"
190,9,12,11 Jan 98,"Bart Carny","https://www.tvmaze.com/episodes/5187/the-simpsons-9x12-bart-carny"
191,9,13,08 Feb 98,"The Joy of Sect","https://www.tvmaze.com/episodes/5188/the-simpsons-9x13-the-joy-of-sect"
192,9,14,15 Feb 98,"Das Bus","https://www.tvmaze.com/episodes/5189/the-simpsons-9x14-das-bus"
193,9,15,22 Feb 98,"The Last Temptation of Krusty","https://www.tvmaze.com/episodes/5190/the-simpsons-9x15-the-last-temptation-of-krusty"
194,9,16,01 Mar 98,"Dumbbell Indemnity","https://www.tvmaze.com/episodes/5191/the-simpsons-9x16-dumbbell-indemnity"
195,9,17,08 Mar 98,"Lisa the Simpson","https://www.tvmaze.com/episodes/5192/the-simpsons-9x17-lisa-the-simpson"
196,9,18,22 Mar 98,"This Little Wiggy","https://www.tvmaze.com/episodes/5193/the-simpsons-9x18-this-little-wiggy"
197,9,19,29 Mar 98,"Simpson Tide","https://www.tvmaze.com/episodes/5194/the-simpsons-9x19-simpson-tide"
198,9,20,05 Apr 98,"The Trouble with Trillions","https://www.tvmaze.com/episodes/5195/the-simpsons-9x20-the-trouble-with-trillions"
199,9,21,19 Apr 98,"Girly Edition","https://www.tvmaze.com/episodes/5196/the-simpsons-9x21-girly-edition"
200,9,22,26 Apr 98,"Trash of the Titans","https://www.tvmaze.com/episodes/5197/the-simpsons-9x22-trash-of-the-titans"
201,9,23,03 May 98,"King of the Hill","https://www.tvmaze.com/episodes/5198/the-simpsons-9x23-king-of-the-hill"
202,9,24,10 May 98,"Lost Our Lisa","https://www.tvmaze.com/episodes/5199/the-simpsons-9x24-lost-our-lisa"
203,9,25,17 May 98,"Natural Born Kissers","https://www.tvmaze.com/episodes/5200/the-simpsons-9x25-natural-born-kissers"
204,10,1,23 Aug 98,"Lard of the Dance","https://www.tvmaze.com/episodes/5201/the-simpsons-10x01-lard-of-the-dance"
205,10,2,20 Sep 98,"The Wizard of Evergreen Terrace","https://www.tvmaze.com/episodes/5202/the-simpsons-10x02-the-wizard-of-evergreen-terrace"
206,10,3,27 Sep 98,"Bart the Mother","https://www.tvmaze.com/episodes/5203/the-simpsons-10x03-bart-the-mother"
207,10,4,25 Oct 98,"Treehouse of Horror IX","https://www.tvmaze.com/episodes/5204/the-simpsons-10x04-treehouse-of-horror-ix"
208,10,5,08 Nov 98,"When You Dish Upon a Star","https://www.tvmaze.com/episodes/5205/the-simpsons-10x05-when-you-dish-upon-a-star"
209,10,6,15 Nov 98,"D'Oh-in' in the Wind","https://www.tvmaze.com/episodes/5206/the-simpsons-10x06-doh-in-in-the-wind"
210,10,7,22 Nov 98,"Lisa Gets an "A"","https://www.tvmaze.com/episodes/5207/the-simpsons-10x07-lisa-gets-an-a"
211,10,8,06 Dec 98,"Homer Simpson in: "Kidney Trouble"","https://www.tvmaze.com/episodes/5208/the-simpsons-10x08-homer-simpson-in-kidney-trouble"
212,10,9,20 Dec 98,"Mayored to the Mob","https://www.tvmaze.com/episodes/5209/the-simpsons-10x09-mayored-to-the-mob"
213,10,10,10 Jan 99,"Viva Ned Flanders","https://www.tvmaze.com/episodes/5210/the-simpsons-10x10-viva-ned-flanders"
214,10,11,17 Jan 99,"Wild Barts Can't Be Broken","https://www.tvmaze.com/episodes/5211/the-simpsons-10x11-wild-barts-cant-be-broken"
215,10,12,31 Jan 99,"Sunday, Cruddy Sunday","https://www.tvmaze.com/episodes/5212/the-simpsons-10x12-sunday-cruddy-sunday"
216,10,13,07 Feb 99,"Homer to the Max","https://www.tvmaze.com/episodes/5213/the-simpsons-10x13-homer-to-the-max"
217,10,14,14 Feb 99,"I'm with Cupid","https://www.tvmaze.com/episodes/5214/the-simpsons-10x14-im-with-cupid"
218,10,15,21 Feb 99,"Marge Simpson in: "Screaming Yellow Honkers"","https://www.tvmaze.com/episodes/5215/the-simpsons-10x15-marge-simpson-in-screaming-yellow-honkers"
219,10,16,28 Feb 99,"Make Room for Lisa","https://www.tvmaze.com/episodes/5216/the-simpsons-10x16-make-room-for-lisa"
220,10,17,28 Mar 99,"Maximum Homerdrive","https://www.tvmaze.com/episodes/5217/the-simpsons-10x17-maximum-homerdrive"
221,10,18,04 Apr 99,"Simpsons Bible Stories","https://www.tvmaze.com/episodes/5218/the-simpsons-10x18-simpsons-bible-stories"
222,10,19,11 Apr 99,"Mom and Pop Art","https://www.tvmaze.com/episodes/5219/the-simpsons-10x19-mom-and-pop-art"
223,10,20,25 Apr 99,"The Old Man and the "C" Student","https://www.tvmaze.com/episodes/5220/the-simpsons-10x20-the-old-man-and-the-c-student"
224,10,21,02 May 99,"Monty Can't Buy Me Love","https://www.tvmaze.com/episodes/5221/the-simpsons-10x21-monty-cant-buy-me-love"
225,10,22,09 May 99,"They Saved Lisa's Brain","https://www.tvmaze.com/episodes/5222/the-simpsons-10x22-they-saved-lisas-brain"
226,10,23,16 May 99,"30 Minutes Over Tokyo","https://www.tvmaze.com/episodes/5223/the-simpsons-10x23-30-minutes-over-tokyo"
227,11,1,26 Sep 99,"Beyond Blunderdome","https://www.tvmaze.com/episodes/5224/the-simpsons-11x01-beyond-blunderdome"
228,11,2,03 Oct 99,"Brother's Little Helper","https://www.tvmaze.com/episodes/5225/the-simpsons-11x02-brothers-little-helper"
229,11,3,24 Oct 99,"Guess Who's Coming to Criticize Dinner","https://www.tvmaze.com/episodes/5226/the-simpsons-11x03-guess-whos-coming-to-criticize-dinner"
230,11,4,31 Oct 99,"Treehouse of Horror X","https://www.tvmaze.com/episodes/5227/the-simpsons-11x04-treehouse-of-horror-x"
231,11,5,07 Nov 99,"E-I-E-I-(Annoyed Grunt)","https://www.tvmaze.com/episodes/5228/the-simpsons-11x05-e-i-e-i-annoyed-grunt"
232,11,6,14 Nov 99,"Hello Gutter, Hello Fadder","https://www.tvmaze.com/episodes/5229/the-simpsons-11x06-hello-gutter-hello-fadder"
233,11,7,21 Nov 99,"Eight Misbehavin","https://www.tvmaze.com/episodes/5230/the-simpsons-11x07-eight-misbehavin"
234,11,8,28 Nov 99,"Take My Wife, Sleaze","https://www.tvmaze.com/episodes/5231/the-simpsons-11x08-take-my-wife-sleaze"
235,11,9,19 Dec 99,"Grift of the Magi","https://www.tvmaze.com/episodes/5232/the-simpsons-11x09-grift-of-the-magi"
236,11,10,09 Jan 00,"Little Big Mom","https://www.tvmaze.com/episodes/5233/the-simpsons-11x10-little-big-mom"
237,11,11,16 Jan 00,"Faith Off","https://www.tvmaze.com/episodes/5234/the-simpsons-11x11-faith-off"
238,11,12,23 Jan 00,"The Mansion Family","https://www.tvmaze.com/episodes/5235/the-simpsons-11x12-the-mansion-family"
239,11,13,06 Feb 00,"Saddlesore Galactica","https://www.tvmaze.com/episodes/5236/the-simpsons-11x13-saddlesore-galactica"
240,11,14,13 Feb 00,"Alone Again Natura-Diddily","https://www.tvmaze.com/episodes/5237/the-simpsons-11x14-alone-again-natura-diddily"
241,11,15,20 Feb 00,"Missionary Impossible","https://www.tvmaze.com/episodes/5238/the-simpsons-11x15-missionary-impossible"
242,11,16,27 Feb 00,"Pygmoelian","https://www.tvmaze.com/episodes/5239/the-simpsons-11x16-pygmoelian"
243,11,17,19 Mar 00,"Bart to the Future","https://www.tvmaze.com/episodes/5240/the-simpsons-11x17-bart-to-the-future"
244,11,18,09 Apr 00,"Days of Wine and D'Ohses","https://www.tvmaze.com/episodes/5241/the-simpsons-11x18-days-of-wine-and-dohses"
245,11,19,30 Apr 00,"Kill the Alligator and Run","https://www.tvmaze.com/episodes/5242/the-simpsons-11x19-kill-the-alligator-and-run"
246,11,20,07 May 00,"Last Tap Dance in Springfield","https://www.tvmaze.com/episodes/5243/the-simpsons-11x20-last-tap-dance-in-springfield"
247,11,21,14 May 00,"It's a Mad, Mad, Mad, Mad Marge","https://www.tvmaze.com/episodes/5244/the-simpsons-11x21-its-a-mad-mad-mad-mad-marge"
248,11,22,21 May 00,"Behind the Laughter","https://www.tvmaze.com/episodes/5245/the-simpsons-11x22-behind-the-laughter"
249,12,1,01 Nov 00,"Treehouse of Horror XI","https://www.tvmaze.com/episodes/5246/the-simpsons-12x01-treehouse-of-horror-xi"
250,12,2,05 Nov 00,"A Tale of Two Springfields","https://www.tvmaze.com/episodes/5247/the-simpsons-12x02-a-tale-of-two-springfields"
251,12,3,12 Nov 00,"Insane Clown Poppy","https://www.tvmaze.com/episodes/5248/the-simpsons-12x03-insane-clown-poppy"
252,12,4,19 Nov 00,"Lisa the Treehugger","https://www.tvmaze.com/episodes/5249/the-simpsons-12x04-lisa-the-treehugger"
253,12,5,26 Nov 00,"Homer vs. Dignity","https://www.tvmaze.com/episodes/5250/the-simpsons-12x05-homer-vs-dignity"
254,12,6,03 Dec 00,"The Computer Wore Menace Shoes","https://www.tvmaze.com/episodes/5251/the-simpsons-12x06-the-computer-wore-menace-shoes"
255,12,7,10 Dec 00,"The Great Money Caper","https://www.tvmaze.com/episodes/5252/the-simpsons-12x07-the-great-money-caper"
256,12,8,17 Dec 00,"Skinner's Sense of Snow","https://www.tvmaze.com/episodes/5253/the-simpsons-12x08-skinners-sense-of-snow"
257,12,9,07 Jan 01,"HOMR","https://www.tvmaze.com/episodes/5254/the-simpsons-12x09-homr"
258,12,10,14 Jan 01,"Pokeymom","https://www.tvmaze.com/episodes/5255/the-simpsons-12x10-pokeymom"
259,12,11,04 Feb 01,"Worst Episode Ever","https://www.tvmaze.com/episodes/5256/the-simpsons-12x11-worst-episode-ever"
260,12,12,11 Feb 01,"Tennis the Menace","https://www.tvmaze.com/episodes/5257/the-simpsons-12x12-tennis-the-menace"
261,12,13,18 Feb 01,"Day of the Jackanapes","https://www.tvmaze.com/episodes/5258/the-simpsons-12x13-day-of-the-jackanapes"
262,12,14,25 Feb 01,"New Kids on the Blecch","https://www.tvmaze.com/episodes/5259/the-simpsons-12x14-new-kids-on-the-blecch"
263,12,15,04 Mar 01,"Hungry Hungry Homer","https://www.tvmaze.com/episodes/5260/the-simpsons-12x15-hungry-hungry-homer"
264,12,16,11 Mar 01,"Bye Bye Nerdy","https://www.tvmaze.com/episodes/5261/the-simpsons-12x16-bye-bye-nerdy"
265,12,17,01 Apr 01,"Simpsons Safari","https://www.tvmaze.com/episodes/5262/the-simpsons-12x17-simpsons-safari"
266,12,18,29 Apr 01,"Trilogy of Error","https://www.tvmaze.com/episodes/5263/the-simpsons-12x18-trilogy-of-error"
267,12,19,06 May 01,"I'm Goin' to Praise Land","https://www.tvmaze.com/episodes/5264/the-simpsons-12x19-im-goin-to-praise-land"
268,12,20,13 May 01,"Children of a Lesser Clod","https://www.tvmaze.com/episodes/5265/the-simpsons-12x20-children-of-a-lesser-clod"
269,12,21,20 May 01,"Simpsons Tall Tales","https://www.tvmaze.com/episodes/5266/the-simpsons-12x21-simpsons-tall-tales"
270,13,1,06 Nov 01,"Treehouse of Horror XII","https://www.tvmaze.com/episodes/5267/the-simpsons-13x01-treehouse-of-horror-xii"
271,13,2,11 Nov 01,"The Parent Rap","https://www.tvmaze.com/episodes/5268/the-simpsons-13x02-the-parent-rap"
272,13,3,18 Nov 01,"Homer the Moe","https://www.tvmaze.com/episodes/5269/the-simpsons-13x03-homer-the-moe"
273,13,4,02 Dec 01,"Hunka Hunka Burns in Love","https://www.tvmaze.com/episodes/5270/the-simpsons-13x04-hunka-hunka-burns-in-love"
274,13,5,09 Dec 01,"The Blunder Years","https://www.tvmaze.com/episodes/5271/the-simpsons-13x05-the-blunder-years"
275,13,6,16 Dec 01,"She of Little Faith","https://www.tvmaze.com/episodes/5272/the-simpsons-13x06-she-of-little-faith"
276,13,7,06 Jan 02,"Brawl in the Family","https://www.tvmaze.com/episodes/5273/the-simpsons-13x07-brawl-in-the-family"
277,13,8,20 Jan 02,"Sweets and Sour Marge","https://www.tvmaze.com/episodes/5274/the-simpsons-13x08-sweets-and-sour-marge"
278,13,9,27 Jan 02,"Jaws Wired Shut","https://www.tvmaze.com/episodes/5275/the-simpsons-13x09-jaws-wired-shut"
279,13,10,10 Feb 02,"Half-Decent Proposal","https://www.tvmaze.com/episodes/5276/the-simpsons-13x10-half-decent-proposal"
280,13,11,17 Feb 02,"The Bart Wants What It Wants","https://www.tvmaze.com/episodes/5277/the-simpsons-13x11-the-bart-wants-what-it-wants"
281,13,12,24 Feb 02,"The Lastest Gun in the West","https://www.tvmaze.com/episodes/5278/the-simpsons-13x12-the-lastest-gun-in-the-west"
282,13,13,10 Mar 02,"The Old Man and the Key","https://www.tvmaze.com/episodes/5279/the-simpsons-13x13-the-old-man-and-the-key"
283,13,14,17 Mar 02,"Tales from the Public Domain","https://www.tvmaze.com/episodes/5280/the-simpsons-13x14-tales-from-the-public-domain"
284,13,15,31 Mar 02,"Blame It on Lisa","https://www.tvmaze.com/episodes/5281/the-simpsons-13x15-blame-it-on-lisa"
285,13,16,07 Apr 02,"Weekend at Burnsies","https://www.tvmaze.com/episodes/5282/the-simpsons-13x16-weekend-at-burnsies"
286,13,17,21 Apr 02,"Gump Roast","https://www.tvmaze.com/episodes/5283/the-simpsons-13x17-gump-roast"
287,13,18,28 Apr 02,"I Am Furious Yellow","https://www.tvmaze.com/episodes/5284/the-simpsons-13x18-i-am-furious-yellow"
288,13,19,05 May 02,"The Sweetest Apu","https://www.tvmaze.com/episodes/5285/the-simpsons-13x19-the-sweetest-apu"
289,13,20,12 May 02,"Little Girl in the Big Ten","https://www.tvmaze.com/episodes/5286/the-simpsons-13x20-little-girl-in-the-big-ten"
290,13,21,19 May 02,"Frying Game","https://www.tvmaze.com/episodes/5287/the-simpsons-13x21-frying-game"
291,13,22,22 May 02,"Papa's Got a Brand New Badge","https://www.tvmaze.com/episodes/5288/the-simpsons-13x22-papas-got-a-brand-new-badge"
292,14,1,03 Nov 02,"Treehouse of Horror XIII","https://www.tvmaze.com/episodes/5289/the-simpsons-14x01-treehouse-of-horror-xiii"
293,14,2,10 Nov 02,"How I Spent My Strummer Vacation","https://www.tvmaze.com/episodes/5290/the-simpsons-14x02-how-i-spent-my-strummer-vacation"
294,14,3,17 Nov 02,"Bart vs. Lisa vs. 3rd Grade","https://www.tvmaze.com/episodes/5291/the-simpsons-14x03-bart-vs-lisa-vs-3rd-grade"
295,14,4,24 Nov 02,"Large Marge","https://www.tvmaze.com/episodes/5292/the-simpsons-14x04-large-marge"
296,14,5,01 Dec 02,"Helter Shelter","https://www.tvmaze.com/episodes/5293/the-simpsons-14x05-helter-shelter"
297,14,6,15 Dec 02,"The Great Louse Detective","https://www.tvmaze.com/episodes/5294/the-simpsons-14x06-the-great-louse-detective"
298,14,7,05 Jan 03,"Special Edna (a.k.a. Love and Marking)","https://www.tvmaze.com/episodes/5295/the-simpsons-14x07-special-edna-aka-love-and-marking"
299,14,8,12 Jan 03,"The Dad Who Knew Too Little","https://www.tvmaze.com/episodes/5296/the-simpsons-14x08-the-dad-who-knew-too-little"
300,14,9,02 Feb 03,"The Strong Arms of the Ma","https://www.tvmaze.com/episodes/5297/the-simpsons-14x09-the-strong-arms-of-the-ma"
301,14,10,09 Feb 03,"Pray Anything","https://www.tvmaze.com/episodes/5298/the-simpsons-14x10-pray-anything"
302,14,11,16 Feb 03,"Barting Over","https://www.tvmaze.com/episodes/5299/the-simpsons-14x11-barting-over"
303,14,12,16 Feb 03,"I'm Spelling As Fast As I Can","https://www.tvmaze.com/episodes/5300/the-simpsons-14x12-im-spelling-as-fast-as-i-can"
304,14,13,02 Mar 03,"A Star is Born Again","https://www.tvmaze.com/episodes/5301/the-simpsons-14x13-a-star-is-born-again"
305,14,14,09 Mar 03,"Mr. Spritz Goes to Washington","https://www.tvmaze.com/episodes/5302/the-simpsons-14x14-mr-spritz-goes-to-washington"
306,14,15,16 Mar 03,"C. E. D'oh","https://www.tvmaze.com/episodes/5303/the-simpsons-14x15-c-e-doh"
307,14,16,30 Mar 03,"'Scuse Me While I Miss the Sky","https://www.tvmaze.com/episodes/5304/the-simpsons-14x16-scuse-me-while-i-miss-the-sky"
308,14,17,13 Apr 03,"Three Gays of the Condo","https://www.tvmaze.com/episodes/5305/the-simpsons-14x17-three-gays-of-the-condo"
309,14,18,27 Apr 03,"Dude, Where's My Ranch?","https://www.tvmaze.com/episodes/5306/the-simpsons-14x18-dude-wheres-my-ranch"
310,14,19,04 May 03,"Old Yeller-Belly","https://www.tvmaze.com/episodes/5307/the-simpsons-14x19-old-yeller-belly"
311,14,20,11 May 03,"Brake My Wife, Please","https://www.tvmaze.com/episodes/5308/the-simpsons-14x20-brake-my-wife-please"
312,14,21,18 May 03,"The Bart of War","https://www.tvmaze.com/episodes/5309/the-simpsons-14x21-the-bart-of-war"
313,14,22,18 May 03,"Moe Baby Blues","https://www.tvmaze.com/episodes/5310/the-simpsons-14x22-moe-baby-blues"
314,15,1,02 Nov 03,"Treehouse of Horror XIV","https://www.tvmaze.com/episodes/5311/the-simpsons-15x01-treehouse-of-horror-xiv"
315,15,2,09 Nov 03,"My Mother the Carjacker","https://www.tvmaze.com/episodes/5312/the-simpsons-15x02-my-mother-the-carjacker"
316,15,3,16 Nov 03,"The President Wore Pearls","https://www.tvmaze.com/episodes/5313/the-simpsons-15x03-the-president-wore-pearls"
317,15,4,23 Nov 03,"The Regina Monologues","https://www.tvmaze.com/episodes/5314/the-simpsons-15x04-the-regina-monologues"
318,15,5,30 Nov 03,"The Fat and the Furriest","https://www.tvmaze.com/episodes/5315/the-simpsons-15x05-the-fat-and-the-furriest"
319,15,6,07 Dec 03,"Today I Am a Klown","https://www.tvmaze.com/episodes/5316/the-simpsons-15x06-today-i-am-a-klown"
320,15,7,14 Dec 03,"'Tis the Fifteenth Season","https://www.tvmaze.com/episodes/5317/the-simpsons-15x07-tis-the-fifteenth-season"
321,15,8,04 Jan 04,"Marge vs. Singles, Seniors, Childless Couples and Teens, and Gays","https://www.tvmaze.com/episodes/5318/the-simpsons-15x08-marge-vs-singles-seniors-childless-couples-and-teens-and-gays"
322,15,9,11 Jan 04,"I, (Annoyed Grunt)-Bot","https://www.tvmaze.com/episodes/5319/the-simpsons-15x09-i-annoyed-grunt-bot"
323,15,10,25 Jan 04,"Diatribe of a Mad Housewife","https://www.tvmaze.com/episodes/5320/the-simpsons-15x10-diatribe-of-a-mad-housewife"
324,15,11,08 Feb 04,"Margical History Tour","https://www.tvmaze.com/episodes/5321/the-simpsons-15x11-margical-history-tour"
325,15,12,15 Feb 04,"Milhouse Doesn't Live Here Anymore","https://www.tvmaze.com/episodes/5322/the-simpsons-15x12-milhouse-doesnt-live-here-anymore"
326,15,13,22 Feb 04,"Smart & Smarter","https://www.tvmaze.com/episodes/5323/the-simpsons-15x13-smart-smarter"
327,15,14,14 Mar 04,"The Ziff Who Came to Dinner","https://www.tvmaze.com/episodes/5324/the-simpsons-15x14-the-ziff-who-came-to-dinner"
328,15,15,21 Mar 04,"Co-Dependent's Day","https://www.tvmaze.com/episodes/5325/the-simpsons-15x15-co-dependents-day"
329,15,16,28 Mar 04,"Wandering Juvie","https://www.tvmaze.com/episodes/5326/the-simpsons-15x16-wandering-juvie"
330,15,17,18 Apr 04,"My Big Fat Geek Wedding","https://www.tvmaze.com/episodes/5327/the-simpsons-15x17-my-big-fat-geek-wedding"
331,15,18,25 Apr 04,"Catch 'Em If You Can","https://www.tvmaze.com/episodes/5328/the-simpsons-15x18-catch-em-if-you-can"
332,15,19,02 May 04,"Simple Simpson","https://www.tvmaze.com/episodes/5329/the-simpsons-15x19-simple-simpson"
333,15,20,09 May 04,"The Way We Weren't","https://www.tvmaze.com/episodes/5330/the-simpsons-15x20-the-way-we-werent"
334,15,21,16 May 04,"Bart-Mangled Banner","https://www.tvmaze.com/episodes/5331/the-simpsons-15x21-bart-mangled-banner"
335,15,22,23 May 04,"Fraudcast News","https://www.tvmaze.com/episodes/5332/the-simpsons-15x22-fraudcast-news"
336,16,1,07 Nov 04,"Treehouse of Horror XV","https://www.tvmaze.com/episodes/5333/the-simpsons-16x01-treehouse-of-horror-xv"
337,16,2,14 Nov 04,"All's Fair in Oven War","https://www.tvmaze.com/episodes/5334/the-simpsons-16x02-alls-fair-in-oven-war"
338,16,3,21 Nov 04,"Sleeping with the Enemy","https://www.tvmaze.com/episodes/5335/the-simpsons-16x03-sleeping-with-the-enemy"
339,16,4,05 Dec 04,"She Used to Be My Girl","https://www.tvmaze.com/episodes/5336/the-simpsons-16x04-she-used-to-be-my-girl"
340,16,5,12 Dec 04,"Fat Man and Little Boy","https://www.tvmaze.com/episodes/5337/the-simpsons-16x05-fat-man-and-little-boy"
341,16,6,16 Jan 05,"Midnight Rx","https://www.tvmaze.com/episodes/5338/the-simpsons-16x06-midnight-rx"
342,16,7,30 Jan 05,"Mommie Beerest","https://www.tvmaze.com/episodes/5339/the-simpsons-16x07-mommie-beerest"
343,16,8,06 Feb 05,"Homer and Ned's Hail Mary Pass","https://www.tvmaze.com/episodes/5340/the-simpsons-16x08-homer-and-neds-hail-mary-pass"
344,16,9,13 Feb 05,"Pranksta Rap","https://www.tvmaze.com/episodes/5341/the-simpsons-16x09-pranksta-rap"
345,16,10,20 Feb 05,"There's Something About Marrying","https://www.tvmaze.com/episodes/5342/the-simpsons-16x10-theres-something-about-marrying"
346,16,11,06 Mar 05,"On a Clear Day I Can't See My Sister","https://www.tvmaze.com/episodes/5343/the-simpsons-16x11-on-a-clear-day-i-cant-see-my-sister"
347,16,12,13 Mar 05,"Goo Goo Gai Pan","https://www.tvmaze.com/episodes/5344/the-simpsons-16x12-goo-goo-gai-pan"
348,16,13,20 Mar 05,"Mobile Homer","https://www.tvmaze.com/episodes/5345/the-simpsons-16x13-mobile-homer"
349,16,14,03 Apr 05,"The Seven-Beer Snitch","https://www.tvmaze.com/episodes/5346/the-simpsons-16x14-the-seven-beer-snitch"
350,16,15,17 Apr 05,"Future-Drama","https://www.tvmaze.com/episodes/5347/the-simpsons-16x15-future-drama"
351,16,16,01 May 05,"Don't Fear the Roofer","https://www.tvmaze.com/episodes/5348/the-simpsons-16x16-dont-fear-the-roofer"
352,16,17,01 May 05,"The Heartbroke Kid","https://www.tvmaze.com/episodes/5349/the-simpsons-16x17-the-heartbroke-kid"
353,16,18,08 May 05,"A Star is Torn","https://www.tvmaze.com/episodes/5350/the-simpsons-16x18-a-star-is-torn"
354,16,19,08 May 05,"Thank God It's Doomsday","https://www.tvmaze.com/episodes/5351/the-simpsons-16x19-thank-god-its-doomsday"
355,16,20,15 May 05,"Home Away from Homer","https://www.tvmaze.com/episodes/5352/the-simpsons-16x20-home-away-from-homer"
356,16,21,15 May 05,"Father, Son and Holy Guest-Star","https://www.tvmaze.com/episodes/5353/the-simpsons-16x21-father-son-and-holy-guest-star"
357,17,1,11 Sep 05,"Bonfire of the Manatees","https://www.tvmaze.com/episodes/5354/the-simpsons-17x01-bonfire-of-the-manatees"
358,17,2,18 Sep 05,"The Girl Who Slept Too Little","https://www.tvmaze.com/episodes/5355/the-simpsons-17x02-the-girl-who-slept-too-little"
359,17,3,25 Sep 05,"Millhouse Of Sand And Fog","https://www.tvmaze.com/episodes/5356/the-simpsons-17x03-millhouse-of-sand-and-fog"
360,17,4,06 Nov 05,"Treehouse of Horror XVI","https://www.tvmaze.com/episodes/5357/the-simpsons-17x04-treehouse-of-horror-xvi"
361,17,5,13 Nov 05,"Marge's Son Poisoning","https://www.tvmaze.com/episodes/5358/the-simpsons-17x05-marges-son-poisoning"
362,17,6,20 Nov 05,"See Homer Run","https://www.tvmaze.com/episodes/5359/the-simpsons-17x06-see-homer-run"
363,17,7,27 Nov 05,"The Last of the Red Hat Mamas","https://www.tvmaze.com/episodes/5360/the-simpsons-17x07-the-last-of-the-red-hat-mamas"
364,17,8,11 Dec 05,"The Italian Bob","https://www.tvmaze.com/episodes/5361/the-simpsons-17x08-the-italian-bob"
365,17,9,18 Dec 05,"Simpsons Christmas Stories","https://www.tvmaze.com/episodes/5362/the-simpsons-17x09-simpsons-christmas-stories"
366,17,10,08 Jan 06,"Homer's Paternity Coot","https://www.tvmaze.com/episodes/5363/the-simpsons-17x10-homers-paternity-coot"
367,17,11,29 Jan 06,"We're on the Road to D'oh-where","https://www.tvmaze.com/episodes/5364/the-simpsons-17x11-were-on-the-road-to-doh-where"
368,17,12,26 Feb 06,"My Fair Laddy","https://www.tvmaze.com/episodes/5365/the-simpsons-17x12-my-fair-laddy"
369,17,13,12 Mar 06,"The Seemingly Never-Ending Story","https://www.tvmaze.com/episodes/5366/the-simpsons-17x13-the-seemingly-never-ending-story"
370,17,14,19 Mar 06,"Bart Has Two Mommies","https://www.tvmaze.com/episodes/5367/the-simpsons-17x14-bart-has-two-mommies"
371,17,15,26 Mar 06,"Homer Simpson, This is Your Wife","https://www.tvmaze.com/episodes/5368/the-simpsons-17x15-homer-simpson-this-is-your-wife"
372,17,16,02 Apr 06,"Million Dollar Abie","https://www.tvmaze.com/episodes/5369/the-simpsons-17x16-million-dollar-abie"
373,17,17,09 Apr 06,"Kiss Kiss Bang Bangalore","https://www.tvmaze.com/episodes/5370/the-simpsons-17x17-kiss-kiss-bang-bangalore"
374,17,18,23 Apr 06,"The Wettest Stories Ever Told","https://www.tvmaze.com/episodes/5371/the-simpsons-17x18-the-wettest-stories-ever-told"
375,17,19,30 Apr 06,"Girls Just Want to Have Sums","https://www.tvmaze.com/episodes/5372/the-simpsons-17x19-girls-just-want-to-have-sums"
376,17,20,07 May 06,"Regarding Margie","https://www.tvmaze.com/episodes/5373/the-simpsons-17x20-regarding-margie"
377,17,21,14 May 06,"The Monkey Suit","https://www.tvmaze.com/episodes/5374/the-simpsons-17x21-the-monkey-suit"
378,17,22,21 May 06,"Marge and Homer Turn a Couple Play","https://www.tvmaze.com/episodes/5375/the-simpsons-17x22-marge-and-homer-turn-a-couple-play"
379,18,1,10 Sep 06,"The Mook, the Chef, the Wife and Her Homer","https://www.tvmaze.com/episodes/5376/the-simpsons-18x01-the-mook-the-chef-the-wife-and-her-homer"
380,18,2,17 Sep 06,"Jazzy and the Pussycats","https://www.tvmaze.com/episodes/5377/the-simpsons-18x02-jazzy-and-the-pussycats"
381,18,3,24 Sep 06,"Please Homer, Don't Hammer 'em","https://www.tvmaze.com/episodes/5378/the-simpsons-18x03-please-homer-dont-hammer-em"
382,18,4,05 Nov 06,"Treehouse of Horror XVII","https://www.tvmaze.com/episodes/5379/the-simpsons-18x04-treehouse-of-horror-xvii"
383,18,5,12 Nov 06,"GI (Annoyed Grunt)","https://www.tvmaze.com/episodes/5380/the-simpsons-18x05-gi-annoyed-grunt"
384,18,6,19 Nov 06,"Moe 'N' a Lisa","https://www.tvmaze.com/episodes/5381/the-simpsons-18x06-moe-n-a-lisa"
385,18,7,26 Nov 06,"Ice Cream of Margie (With the Light Blue Hair)","https://www.tvmaze.com/episodes/5382/the-simpsons-18x07-ice-cream-of-margie-with-the-light-blue-hair"
386,18,8,10 Dec 06,"The Haw-Hawed Couple","https://www.tvmaze.com/episodes/5383/the-simpsons-18x08-the-haw-hawed-couple"
387,18,9,17 Dec 06,"Kill Gil (Parts I & II)","https://www.tvmaze.com/episodes/5384/the-simpsons-18x09-kill-gil-parts-i-ii"
388,18,10,07 Jan 07,"The Wife Aquatic","https://www.tvmaze.com/episodes/5385/the-simpsons-18x10-the-wife-aquatic"
389,18,11,28 Jan 07,"Revenge is a Dish Best Served Three Times","https://www.tvmaze.com/episodes/5386/the-simpsons-18x11-revenge-is-a-dish-best-served-three-times"
390,18,12,11 Feb 07,"Little Big Girl","https://www.tvmaze.com/episodes/5387/the-simpsons-18x12-little-big-girl"
391,18,13,18 Feb 07,"Springfield Up","https://www.tvmaze.com/episodes/5388/the-simpsons-18x13-springfield-up"
392,18,14,04 Mar 07,"Yokel Chords","https://www.tvmaze.com/episodes/5389/the-simpsons-18x14-yokel-chords"
393,18,15,11 Mar 07,"Rome-old and Juli-eh","https://www.tvmaze.com/episodes/5390/the-simpsons-18x15-rome-old-and-juli-eh"
394,18,16,25 Mar 07,"Homerazzi","https://www.tvmaze.com/episodes/5391/the-simpsons-18x16-homerazzi"
395,18,17,22 Apr 07,"Marge Gamer","https://www.tvmaze.com/episodes/5392/the-simpsons-18x17-marge-gamer"
396,18,18,29 Apr 07,"The Boys of Bummer","https://www.tvmaze.com/episodes/5393/the-simpsons-18x18-the-boys-of-bummer"
397,18,19,06 May 07,"Crook and Ladder","https://www.tvmaze.com/episodes/5394/the-simpsons-18x19-crook-and-ladder"
398,18,20,13 May 07,"Stop or My Dog Will Shoot","https://www.tvmaze.com/episodes/5395/the-simpsons-18x20-stop-or-my-dog-will-shoot"
399,18,21,20 May 07,"24 Minutes","https://www.tvmaze.com/episodes/5396/the-simpsons-18x21-24-minutes"
400,18,22,20 May 07,"You Kent Always Say What You Want","https://www.tvmaze.com/episodes/5397/the-simpsons-18x22-you-kent-always-say-what-you-want"
401,19,1,23 Sep 07,"He Loves to Fly and He D'ohs","https://www.tvmaze.com/episodes/5398/the-simpsons-19x01-he-loves-to-fly-and-he-dohs"
402,19,2,30 Sep 07,"Homer of Seville","https://www.tvmaze.com/episodes/5399/the-simpsons-19x02-homer-of-seville"
403,19,3,07 Oct 07,"Midnight Towboy","https://www.tvmaze.com/episodes/5400/the-simpsons-19x03-midnight-towboy"
404,19,4,14 Oct 07,"I Don't Wanna Know Why the Caged Bird Sings","https://www.tvmaze.com/episodes/5401/the-simpsons-19x04-i-dont-wanna-know-why-the-caged-bird-sings"
405,19,5,04 Nov 07,"Treehouse of Horror XVIII","https://www.tvmaze.com/episodes/5402/the-simpsons-19x05-treehouse-of-horror-xviii"
406,19,6,11 Nov 07,"Little Orphan Millie","https://www.tvmaze.com/episodes/5403/the-simpsons-19x06-little-orphan-millie"
407,19,7,18 Nov 07,"Husbands and Knives","https://www.tvmaze.com/episodes/5404/the-simpsons-19x07-husbands-and-knives"
408,19,8,25 Nov 07,"Funeral for a Fiend","https://www.tvmaze.com/episodes/5405/the-simpsons-19x08-funeral-for-a-fiend"
409,19,9,16 Dec 07,"Eternal Moonshine of the Simpson Mind","https://www.tvmaze.com/episodes/5406/the-simpsons-19x09-eternal-moonshine-of-the-simpson-mind"
410,19,10,06 Jan 08,"E Pluribus Wiggum","https://www.tvmaze.com/episodes/5407/the-simpsons-19x10-e-pluribus-wiggum"
411,19,11,27 Jan 08,"That 90's Show","https://www.tvmaze.com/episodes/5408/the-simpsons-19x11-that-90s-show"
412,19,12,17 Feb 08,"Love, Springfieldian Style","https://www.tvmaze.com/episodes/5409/the-simpsons-19x12-love-springfieldian-style"
413,19,13,02 Mar 08,"The Debarted","https://www.tvmaze.com/episodes/5410/the-simpsons-19x13-the-debarted"
414,19,14,09 Mar 08,"Dial 'N' for Nerder","https://www.tvmaze.com/episodes/5411/the-simpsons-19x14-dial-n-for-nerder"
415,19,15,30 Mar 08,"Smoke on the Daughter","https://www.tvmaze.com/episodes/5412/the-simpsons-19x15-smoke-on-the-daughter"
416,19,16,13 Apr 08,"Papa Don't Leech","https://www.tvmaze.com/episodes/5413/the-simpsons-19x16-papa-dont-leech"
417,19,17,27 Apr 08,"Apocalypse Cow","https://www.tvmaze.com/episodes/5414/the-simpsons-19x17-apocalypse-cow"
418,19,18,04 May 08,"Any Given Sundance","https://www.tvmaze.com/episodes/5415/the-simpsons-19x18-any-given-sundance"
419,19,19,11 May 08,"Mona Leaves-a","https://www.tvmaze.com/episodes/5416/the-simpsons-19x19-mona-leaves-a"
420,19,20,18 May 08,"All About Lisa","https://www.tvmaze.com/episodes/5417/the-simpsons-19x20-all-about-lisa"
421,20,1,28 Sep 08,"Sex, Pies and Idiot Scrapes","https://www.tvmaze.com/episodes/5418/the-simpsons-20x01-sex-pies-and-idiot-scrapes"
422,20,2,05 Oct 08,"Lost Verizon","https://www.tvmaze.com/episodes/5419/the-simpsons-20x02-lost-verizon"
423,20,3,19 Oct 08,"Double, Double, Boy in Trouble","https://www.tvmaze.com/episodes/5420/the-simpsons-20x03-double-double-boy-in-trouble"
424,20,4,02 Nov 08,"Treehouse of Horror XIX","https://www.tvmaze.com/episodes/5421/the-simpsons-20x04-treehouse-of-horror-xix"
425,20,5,09 Nov 08,"Dangerous Curves","https://www.tvmaze.com/episodes/5422/the-simpsons-20x05-dangerous-curves"
426,20,6,16 Nov 08,"Homer and Lisa Exchange Cross Words","https://www.tvmaze.com/episodes/5423/the-simpsons-20x06-homer-and-lisa-exchange-cross-words"
427,20,7,30 Nov 08,"Mypods and Boomsticks","https://www.tvmaze.com/episodes/5424/the-simpsons-20x07-mypods-and-boomsticks"
428,20,8,07 Dec 08,"The Burns and the Bees","https://www.tvmaze.com/episodes/5425/the-simpsons-20x08-the-burns-and-the-bees"
429,20,9,25 Jan 09,"Lisa the Drama Queen","https://www.tvmaze.com/episodes/5426/the-simpsons-20x09-lisa-the-drama-queen"
430,20,10,15 Feb 09,"Take My Life, Please","https://www.tvmaze.com/episodes/5427/the-simpsons-20x10-take-my-life-please"
431,20,11,01 Mar 09,"How the Test Was Won","https://www.tvmaze.com/episodes/5428/the-simpsons-20x11-how-the-test-was-won"
432,20,12,08 Mar 09,"No Loan Again, Naturally","https://www.tvmaze.com/episodes/5429/the-simpsons-20x12-no-loan-again-naturally"
433,20,13,15 Mar 09,"Gone Maggie Gone","https://www.tvmaze.com/episodes/5430/the-simpsons-20x13-gone-maggie-gone"
434,20,14,22 Mar 09,"In the Name of the Grandfather","https://www.tvmaze.com/episodes/5431/the-simpsons-20x14-in-the-name-of-the-grandfather"
435,20,15,29 Mar 09,"Wedding for Disaster","https://www.tvmaze.com/episodes/5432/the-simpsons-20x15-wedding-for-disaster"
436,20,16,05 Apr 09,"Eeny Teeny Maya Moe","https://www.tvmaze.com/episodes/5433/the-simpsons-20x16-eeny-teeny-maya-moe"
437,20,17,19 Apr 09,"The Good, the Sad and the Drugly","https://www.tvmaze.com/episodes/5434/the-simpsons-20x17-the-good-the-sad-and-the-drugly"
438,20,18,26 Apr 09,"Father Knows Worst","https://www.tvmaze.com/episodes/5435/the-simpsons-20x18-father-knows-worst"
439,20,19,03 May 09,"Waverly Hills, 9021-D'Oh","https://www.tvmaze.com/episodes/5436/the-simpsons-20x19-waverly-hills-9021-doh"
440,20,20,10 May 09,"Four Great Women and a Manicure","https://www.tvmaze.com/episodes/5437/the-simpsons-20x20-four-great-women-and-a-manicure"
441,20,21,17 May 09,"Coming to Homerica","https://www.tvmaze.com/episodes/5438/the-simpsons-20x21-coming-to-homerica"
442,21,1,27 Sep 09,"Homer the Whopper","https://www.tvmaze.com/episodes/5439/the-simpsons-21x01-homer-the-whopper"
443,21,2,04 Oct 09,"Bart Gets a 'Z'","https://www.tvmaze.com/episodes/5440/the-simpsons-21x02-bart-gets-a-z"
444,21,3,11 Oct 09,"The Great Wife Hope","https://www.tvmaze.com/episodes/5441/the-simpsons-21x03-the-great-wife-hope"
445,21,4,18 Oct 09,"Treehouse of Horror XX","https://www.tvmaze.com/episodes/5442/the-simpsons-21x04-treehouse-of-horror-xx"
446,21,5,15 Nov 09,"The Devil Wears Nada","https://www.tvmaze.com/episodes/5443/the-simpsons-21x05-the-devil-wears-nada"
447,21,6,22 Nov 09,"Pranks and Greens","https://www.tvmaze.com/episodes/5444/the-simpsons-21x06-pranks-and-greens"
448,21,7,29 Nov 09,"Rednecks and Broomsticks","https://www.tvmaze.com/episodes/5445/the-simpsons-21x07-rednecks-and-broomsticks"
449,21,8,13 Dec 09,"O Brother, Where Bart Thou?","https://www.tvmaze.com/episodes/5446/the-simpsons-21x08-o-brother-where-bart-thou"
450,21,9,03 Jan 10,"Thursdays with Abie","https://www.tvmaze.com/episodes/5447/the-simpsons-21x09-thursdays-with-abie"
451,21,10,10 Jan 10,"Once Upon a Time in Springfield","https://www.tvmaze.com/episodes/5448/the-simpsons-21x10-once-upon-a-time-in-springfield"
452,21,11,31 Jan 10,"Million Dollar Maybe","https://www.tvmaze.com/episodes/5449/the-simpsons-21x11-million-dollar-maybe"
453,21,12,14 Feb 10,"Boy Meets Curl","https://www.tvmaze.com/episodes/5450/the-simpsons-21x12-boy-meets-curl"
454,21,13,21 Feb 10,"The Color Yellow","https://www.tvmaze.com/episodes/5451/the-simpsons-21x13-the-color-yellow"
455,21,14,14 Mar 10,"Postcards from the Wedge","https://www.tvmaze.com/episodes/5452/the-simpsons-21x14-postcards-from-the-wedge"
456,21,15,21 Mar 10,"Stealing First Base","https://www.tvmaze.com/episodes/5453/the-simpsons-21x15-stealing-first-base"
457,21,16,28 Mar 10,"The Greatest Story Ever Doh'd","https://www.tvmaze.com/episodes/5454/the-simpsons-21x16-the-greatest-story-ever-dohd"
458,21,17,11 Apr 10,"American History X-cellent","https://www.tvmaze.com/episodes/5455/the-simpsons-21x17-american-history-x-cellent"
459,21,18,18 Apr 10,"Chief of Hearts","https://www.tvmaze.com/episodes/5456/the-simpsons-21x18-chief-of-hearts"
460,21,19,25 Apr 10,"The Squirt and the Whale","https://www.tvmaze.com/episodes/5457/the-simpsons-21x19-the-squirt-and-the-whale"
461,21,20,02 May 10,"To Surveil with Love","https://www.tvmaze.com/episodes/5458/the-simpsons-21x20-to-surveil-with-love"
462,21,21,09 May 10,"Moe Letter Blues","https://www.tvmaze.com/episodes/5459/the-simpsons-21x21-moe-letter-blues"
463,21,22,16 May 10,"The Bob Next Door","https://www.tvmaze.com/episodes/5460/the-simpsons-21x22-the-bob-next-door"
464,21,23,23 May 10,"Judge Me Tender","https://www.tvmaze.com/episodes/5461/the-simpsons-21x23-judge-me-tender"
465,22,1,26 Sep 10,"Elementary School Musical","https://www.tvmaze.com/episodes/5462/the-simpsons-22x01-elementary-school-musical"
466,22,2,03 Oct 10,"Loan-a-Lisa","https://www.tvmaze.com/episodes/5463/the-simpsons-22x02-loan-a-lisa"
467,22,3,10 Oct 10,"Money Bart","https://www.tvmaze.com/episodes/5464/the-simpsons-22x03-money-bart"
468,22,4,07 Nov 10,"Treehouse of Horror XXI","https://www.tvmaze.com/episodes/5465/the-simpsons-22x04-treehouse-of-horror-xxi"
469,22,5,14 Nov 10,"Lisa Simpson, This Isn't Your Life","https://www.tvmaze.com/episodes/5466/the-simpsons-22x05-lisa-simpson-this-isnt-your-life"
470,22,6,21 Nov 10,"The Fool Monty","https://www.tvmaze.com/episodes/5467/the-simpsons-22x06-the-fool-monty"
471,22,7,28 Nov 10,"How Munched is That Birdie in the Window","https://www.tvmaze.com/episodes/5468/the-simpsons-22x07-how-munched-is-that-birdie-in-the-window"
472,22,8,05 Dec 10,"The Fight Before Christmas","https://www.tvmaze.com/episodes/5469/the-simpsons-22x08-the-fight-before-christmas"
473,22,9,12 Dec 10,"Donnie Fatso","https://www.tvmaze.com/episodes/5470/the-simpsons-22x09-donnie-fatso"
474,22,10,09 Jan 11,"Moms I'd Like to Forget","https://www.tvmaze.com/episodes/5471/the-simpsons-22x10-moms-id-like-to-forget"
475,22,11,16 Jan 11,"Flaming Moe","https://www.tvmaze.com/episodes/5472/the-simpsons-22x11-flaming-moe"
476,22,12,23 Jan 11,"Homer the Father","https://www.tvmaze.com/episodes/5473/the-simpsons-22x12-homer-the-father"
477,22,13,13 Feb 11,"The Blue and the Gray","https://www.tvmaze.com/episodes/5474/the-simpsons-22x13-the-blue-and-the-gray"
478,22,14,20 Feb 11,"Angry Dad: The Movie","https://www.tvmaze.com/episodes/5475/the-simpsons-22x14-angry-dad-the-movie"
479,22,15,06 Mar 11,"The Scorpion's Tale","https://www.tvmaze.com/episodes/5476/the-simpsons-22x15-the-scorpions-tale"
480,22,16,13 Mar 11,"A Midsummer's Nice Dream","https://www.tvmaze.com/episodes/5477/the-simpsons-22x16-a-midsummers-nice-dream"
481,22,17,27 Mar 11,"Love is a Many Strangled Thing","https://www.tvmaze.com/episodes/5478/the-simpsons-22x17-love-is-a-many-strangled-thing"
482,22,18,10 Apr 11,"The Great Simpsina","https://www.tvmaze.com/episodes/5479/the-simpsons-22x18-the-great-simpsina"
483,22,19,01 May 11,"The Real Housewives of Fat Tony","https://www.tvmaze.com/episodes/5480/the-simpsons-22x19-the-real-housewives-of-fat-tony"
484,22,20,08 May 11,"Homer Scissorhands","https://www.tvmaze.com/episodes/5481/the-simpsons-22x20-homer-scissorhands"
485,22,21,15 May 11,"500 Keys","https://www.tvmaze.com/episodes/5482/the-simpsons-22x21-500-keys"
486,22,22,22 May 11,"The Ned-Liest Catch","https://www.tvmaze.com/episodes/5483/the-simpsons-22x22-the-ned-liest-catch"
487,23,1,25 Sep 11,"The Falcon and the D'ohman","https://www.tvmaze.com/episodes/5484/the-simpsons-23x01-the-falcon-and-the-dohman"
488,23,2,02 Oct 11,"Bart Stops to Smell the Roosevelts","https://www.tvmaze.com/episodes/5485/the-simpsons-23x02-bart-stops-to-smell-the-roosevelts"
489,23,3,30 Oct 11,"Treehouse of Horror XXII","https://www.tvmaze.com/episodes/5486/the-simpsons-23x03-treehouse-of-horror-xxii"
490,23,4,06 Nov 11,"Replaceable You","https://www.tvmaze.com/episodes/5487/the-simpsons-23x04-replaceable-you"
491,23,5,13 Nov 11,"The Food Wife","https://www.tvmaze.com/episodes/5488/the-simpsons-23x05-the-food-wife"
492,23,6,20 Nov 11,"The Book Job","https://www.tvmaze.com/episodes/5489/the-simpsons-23x06-the-book-job"
493,23,7,27 Nov 11,"The Man in the Blue Flannel Pants","https://www.tvmaze.com/episodes/5490/the-simpsons-23x07-the-man-in-the-blue-flannel-pants"
494,23,8,04 Dec 11,"The Ten-Per-Cent Solution","https://www.tvmaze.com/episodes/5491/the-simpsons-23x08-the-ten-per-cent-solution"
495,23,9,11 Dec 11,"Holidays of Future Passed","https://www.tvmaze.com/episodes/5492/the-simpsons-23x09-holidays-of-future-passed"
496,23,10,08 Jan 12,"Politically Inept, with Homer Simpson","https://www.tvmaze.com/episodes/5493/the-simpsons-23x10-politically-inept-with-homer-simpson"
497,23,11,15 Jan 12,"The D'oh-cial Network","https://www.tvmaze.com/episodes/5494/the-simpsons-23x11-the-doh-cial-network"
498,23,12,29 Jan 12,"Moe Goes from Rags to Riches","https://www.tvmaze.com/episodes/5495/the-simpsons-23x12-moe-goes-from-rags-to-riches"
499,23,13,12 Feb 12,"The Daughter Also Rises","https://www.tvmaze.com/episodes/5496/the-simpsons-23x13-the-daughter-also-rises"
500,23,14,19 Feb 12,"At Long Last Leave","https://www.tvmaze.com/episodes/5497/the-simpsons-23x14-at-long-last-leave"
501,23,15,04 Mar 12,"Exit Through the Kwik-E-Mart","https://www.tvmaze.com/episodes/5498/the-simpsons-23x15-exit-through-the-kwik-e-mart"
502,23,16,11 Mar 12,"How I Wet Your Mother","https://www.tvmaze.com/episodes/5499/the-simpsons-23x16-how-i-wet-your-mother"
503,23,17,18 Mar 12,"Them, Robot","https://www.tvmaze.com/episodes/5500/the-simpsons-23x17-them-robot"
504,23,18,15 Apr 12,"Beware My Cheating Bart","https://www.tvmaze.com/episodes/5501/the-simpsons-23x18-beware-my-cheating-bart"
505,23,19,29 Apr 12,"A Totally Fun Thing That Bart Will Never Do Again","https://www.tvmaze.com/episodes/5502/the-simpsons-23x19-a-totally-fun-thing-that-bart-will-never-do-again"
506,23,20,06 May 12,"The Spy Who Learned Me","https://www.tvmaze.com/episodes/5503/the-simpsons-23x20-the-spy-who-learned-me"
507,23,21,13 May 12,"Ned 'n' Edna's Blend","https://www.tvmaze.com/episodes/5504/the-simpsons-23x21-ned-n-ednas-blend"
508,23,22,20 May 12,"Lisa Goes Gaga","https://www.tvmaze.com/episodes/5505/the-simpsons-23x22-lisa-goes-gaga"
509,24,1,30 Sep 12,"Moonshine River","https://www.tvmaze.com/episodes/5506/the-simpsons-24x01-moonshine-river"
510,24,2,07 Oct 12,"Treehouse of Horror XXIII","https://www.tvmaze.com/episodes/5507/the-simpsons-24x02-treehouse-of-horror-xxiii"
511,24,3,04 Nov 12,"Adventures in Baby-Getting","https://www.tvmaze.com/episodes/5508/the-simpsons-24x03-adventures-in-baby-getting"
512,24,4,11 Nov 12,"Gone Abie Gone","https://www.tvmaze.com/episodes/5509/the-simpsons-24x04-gone-abie-gone"
513,24,5,18 Nov 12,"Penny-Wiseguys","https://www.tvmaze.com/episodes/5510/the-simpsons-24x05-penny-wiseguys"
514,24,6,25 Nov 12,"A Tree Grows in Springfield","https://www.tvmaze.com/episodes/5511/the-simpsons-24x06-a-tree-grows-in-springfield"
515,24,7,09 Dec 12,"The Day the Earth Stood Cool","https://www.tvmaze.com/episodes/5512/the-simpsons-24x07-the-day-the-earth-stood-cool"
516,24,8,16 Dec 12,"To Cur with Love","https://www.tvmaze.com/episodes/5513/the-simpsons-24x08-to-cur-with-love"
517,24,9,06 Jan 13,"Homer Goes to Prep School","https://www.tvmaze.com/episodes/5514/the-simpsons-24x09-homer-goes-to-prep-school"
518,24,10,13 Jan 13,"A Test Before Trying","https://www.tvmaze.com/episodes/5515/the-simpsons-24x10-a-test-before-trying"
519,24,11,27 Jan 13,"The Changing of the Guardian","https://www.tvmaze.com/episodes/5516/the-simpsons-24x11-the-changing-of-the-guardian"
520,24,12,10 Feb 13,"Love is a Many-Splintered Thing","https://www.tvmaze.com/episodes/5517/the-simpsons-24x12-love-is-a-many-splintered-thing"
521,24,13,17 Feb 13,"Hardly Kirk-Ing","https://www.tvmaze.com/episodes/5518/the-simpsons-24x13-hardly-kirk-ing"
522,24,14,03 Mar 13,"Gorgeous Grampa","https://www.tvmaze.com/episodes/5519/the-simpsons-24x14-gorgeous-grampa"
523,24,15,10 Mar 13,"Black-eyed, Please","https://www.tvmaze.com/episodes/5520/the-simpsons-24x15-black-eyed-please"
524,24,16,17 Mar 13,"Dark Knight Court","https://www.tvmaze.com/episodes/5521/the-simpsons-24x16-dark-knight-court"
525,24,17,14 Apr 13,"What Animated Women Want","https://www.tvmaze.com/episodes/5522/the-simpsons-24x17-what-animated-women-want"
526,24,18,28 Apr 13,"Pulpit Friction","https://www.tvmaze.com/episodes/5523/the-simpsons-24x18-pulpit-friction"
527,24,19,05 May 13,"Whiskey Business","https://www.tvmaze.com/episodes/5524/the-simpsons-24x19-whiskey-business"
528,24,20,12 May 13,"The Fabulous Faker Boy","https://www.tvmaze.com/episodes/5525/the-simpsons-24x20-the-fabulous-faker-boy"
529,24,21,19 May 13,"The Saga of Carl","https://www.tvmaze.com/episodes/5526/the-simpsons-24x21-the-saga-of-carl"
530,24,22,19 May 13,"Dangers on a Train","https://www.tvmaze.com/episodes/5527/the-simpsons-24x22-dangers-on-a-train"
531,25,1,29 Sep 13,"Homerland","https://www.tvmaze.com/episodes/5528/the-simpsons-25x01-homerland"
532,25,2,06 Oct 13,"Treehouse of Horror XXIV","https://www.tvmaze.com/episodes/5529/the-simpsons-25x02-treehouse-of-horror-xxiv"
533,25,3,03 Nov 13,"Four Regrettings and a Funeral","https://www.tvmaze.com/episodes/5530/the-simpsons-25x03-four-regrettings-and-a-funeral"
534,25,4,10 Nov 13,"YOLO","https://www.tvmaze.com/episodes/5531/the-simpsons-25x04-yolo"
535,25,5,17 Nov 13,"Labor Pains","https://www.tvmaze.com/episodes/5532/the-simpsons-25x05-labor-pains"
536,25,6,24 Nov 13,"The Kid is All Right","https://www.tvmaze.com/episodes/5533/the-simpsons-25x06-the-kid-is-all-right"
537,25,7,08 Dec 13,"Yellow Subterfuge","https://www.tvmaze.com/episodes/5534/the-simpsons-25x07-yellow-subterfuge"
538,25,8,15 Dec 13,"White Christmas Blues","https://www.tvmaze.com/episodes/5535/the-simpsons-25x08-white-christmas-blues"
539,25,9,05 Jan 14,"Steal This Episode","https://www.tvmaze.com/episodes/5536/the-simpsons-25x09-steal-this-episode"
540,25,10,12 Jan 14,"Married to the Blob","https://www.tvmaze.com/episodes/5537/the-simpsons-25x10-married-to-the-blob"
541,25,11,26 Jan 14,"Specs and the City","https://www.tvmaze.com/episodes/5538/the-simpsons-25x11-specs-and-the-city"
542,25,12,09 Mar 14,"Diggs","https://www.tvmaze.com/episodes/5539/the-simpsons-25x12-diggs"
543,25,13,09 Mar 14,"The Man Who Grew Too Much","https://www.tvmaze.com/episodes/5540/the-simpsons-25x13-the-man-who-grew-too-much"
544,25,14,16 Mar 14,"The Winter of His Content","https://www.tvmaze.com/episodes/5541/the-simpsons-25x14-the-winter-of-his-content"
545,25,15,23 Mar 14,"The War of Art","https://www.tvmaze.com/episodes/5542/the-simpsons-25x15-the-war-of-art"
546,25,16,30 Mar 14,"You Don't Have to Live Like a Referee","https://www.tvmaze.com/episodes/5543/the-simpsons-25x16-you-dont-have-to-live-like-a-referee"
547,25,17,06 Apr 14,"Luca$","https://www.tvmaze.com/episodes/5544/the-simpsons-25x17-luca"
548,25,18,13 Apr 14,"Days of Future Future","https://www.tvmaze.com/episodes/5545/the-simpsons-25x18-days-of-future-future"
549,25,19,27 Apr 14,"What to Expect When Bart's Expecting","https://www.tvmaze.com/episodes/5546/the-simpsons-25x19-what-to-expect-when-barts-expecting"
550,25,20,04 May 14,"Brick Like Me","https://www.tvmaze.com/episodes/5547/the-simpsons-25x20-brick-like-me"
551,25,21,11 May 14,"Pay Pal","https://www.tvmaze.com/episodes/5548/the-simpsons-25x21-pay-pal"
552,25,22,18 May 14,"The Yellow Badge of Cowardge","https://www.tvmaze.com/episodes/5549/the-simpsons-25x22-the-yellow-badge-of-cowardge"
553,26,1,28 Sep 14,"Clown in the Dumps","https://www.tvmaze.com/episodes/5550/the-simpsons-26x01-clown-in-the-dumps"
554,26,2,05 Oct 14,"The Wreck of the Relationship","https://www.tvmaze.com/episodes/5551/the-simpsons-26x02-the-wreck-of-the-relationship"
555,26,3,12 Oct 14,"Super Franchise Me","https://www.tvmaze.com/episodes/5552/the-simpsons-26x03-super-franchise-me"
556,26,4,19 Oct 14,"Treehouse of Horror XXV","https://www.tvmaze.com/episodes/14022/the-simpsons-26x04-treehouse-of-horror-xxv"
557,26,5,02 Nov 14,"Opposites A-frack","https://www.tvmaze.com/episodes/14068/the-simpsons-26x05-opposites-a-frack"
558,26,6,09 Nov 14,"Simpsorama","https://www.tvmaze.com/episodes/5553/the-simpsons-26x06-simpsorama"
559,26,7,16 Nov 14,"Blazed and Confused","https://www.tvmaze.com/episodes/44334/the-simpsons-26x07-blazed-and-confused"
560,26,8,23 Nov 14,"Covercraft","https://www.tvmaze.com/episodes/44335/the-simpsons-26x08-covercraft"
561,26,9,07 Dec 14,"I Won't Be Home for Christmas","https://www.tvmaze.com/episodes/46241/the-simpsons-26x09-i-wont-be-home-for-christmas"
562,26,10,04 Jan 15,"The Man Who Came to Be Dinner","https://www.tvmaze.com/episodes/46242/the-simpsons-26x10-the-man-who-came-to-be-dinner"
563,26,11,11 Jan 15,"Bart's New Friend","https://www.tvmaze.com/episodes/46244/the-simpsons-26x11-barts-new-friend"
564,26,12,25 Jan 15,"The Musk Who Fell to Earth","https://www.tvmaze.com/episodes/117538/the-simpsons-26x12-the-musk-who-fell-to-earth"
565,26,13,08 Feb 15,"Walking Big & Tall","https://www.tvmaze.com/episodes/117737/the-simpsons-26x13-walking-big-tall"
566,26,14,15 Feb 15,"My Fare Lady","https://www.tvmaze.com/episodes/122957/the-simpsons-26x14-my-fare-lady"
567,26,15,01 Mar 15,"The Princess Guide","https://www.tvmaze.com/episodes/129033/the-simpsons-26x15-the-princess-guide"
568,26,16,08 Mar 15,"Sky Police","https://www.tvmaze.com/episodes/139705/the-simpsons-26x16-sky-police"
569,26,17,15 Mar 15,"Waiting for Duffman","https://www.tvmaze.com/episodes/141540/the-simpsons-26x17-waiting-for-duffman"
570,26,18,19 Apr 15,"Peeping Mom","https://www.tvmaze.com/episodes/151350/the-simpsons-26x18-peeping-mom"
571,26,19,26 Apr 15,"The Kids Are All Fight","https://www.tvmaze.com/episodes/151351/the-simpsons-26x19-the-kids-are-all-fight"
572,26,20,03 May 15,"Let's Go Fly a Coot","https://www.tvmaze.com/episodes/151352/the-simpsons-26x20-lets-go-fly-a-coot"
573,26,21,10 May 15,"Bull-E","https://www.tvmaze.com/episodes/151353/the-simpsons-26x21-bull-e"
574,26,22,17 May 15,"Mathlete's Feat","https://www.tvmaze.com/episodes/151354/the-simpsons-26x22-mathletes-feat"
575,27,1,27 Sep 15,"Every Man's Dream","https://www.tvmaze.com/episodes/157376/the-simpsons-27x01-every-mans-dream"
576,27,2,04 Oct 15,"Cue Detective","https://www.tvmaze.com/episodes/215192/the-simpsons-27x02-cue-detective"
577,27,3,11 Oct 15,"Puffless","https://www.tvmaze.com/episodes/236849/the-simpsons-27x03-puffless"
578,27,4,18 Oct 15,"Halloween of Horror","https://www.tvmaze.com/episodes/277904/the-simpsons-27x04-halloween-of-horror"
579,27,5,25 Oct 15,"Treehouse of Horror XXVI","https://www.tvmaze.com/episodes/316118/the-simpsons-27x05-treehouse-of-horror-xxvi"
580,27,6,08 Nov 15,"Friend with Benefit","https://www.tvmaze.com/episodes/373059/the-simpsons-27x06-friend-with-benefit"
581,27,7,22 Nov 15,"Lisa with an 'S'","https://www.tvmaze.com/episodes/401180/the-simpsons-27x07-lisa-with-an-s"
582,27,8,06 Dec 15,"Paths of Glory","https://www.tvmaze.com/episodes/402675/the-simpsons-27x08-paths-of-glory"
583,27,9,13 Dec 15,"Barthood","https://www.tvmaze.com/episodes/402676/the-simpsons-27x09-barthood"
584,27,10,03 Jan 16,"The Girl Code","https://www.tvmaze.com/episodes/443339/the-simpsons-27x10-the-girl-code"
585,27,11,10 Jan 16,"Teenage Mutant Milk-caused Hurdles","https://www.tvmaze.com/episodes/443340/the-simpsons-27x11-teenage-mutant-milk-caused-hurdles"
586,27,12,17 Jan 16,"Much Apu About Something","https://www.tvmaze.com/episodes/443341/the-simpsons-27x12-much-apu-about-something"
587,27,13,14 Feb 16,"Love is in the N2-O2-Ar-CO2-Ne-He-CH4","https://www.tvmaze.com/episodes/502651/the-simpsons-27x13-love-is-in-the-n2-o2-ar-co2-ne-he-ch4"
588,27,14,21 Feb 16,"Gal of Constant Sorrow","https://www.tvmaze.com/episodes/616297/the-simpsons-27x14-gal-of-constant-sorrow"
589,27,15,06 Mar 16,"Lisa the Veterinarian","https://www.tvmaze.com/episodes/609065/the-simpsons-27x15-lisa-the-veterinarian"
590,27,16,13 Mar 16,"The Marge-ian Chronicles","https://www.tvmaze.com/episodes/610696/the-simpsons-27x16-the-marge-ian-chronicles"
591,27,17,03 Apr 16,"The Burns Cage","https://www.tvmaze.com/episodes/637992/the-simpsons-27x17-the-burns-cage"
592,27,18,10 Apr 16,"How Lisa Got Her Marge Back","https://www.tvmaze.com/episodes/652359/the-simpsons-27x18-how-lisa-got-her-marge-back"
593,27,19,24 Apr 16,"Fland Canyon","https://www.tvmaze.com/episodes/669848/the-simpsons-27x19-fland-canyon"
594,27,20,08 May 16,"To Courier with Love","https://www.tvmaze.com/episodes/669849/the-simpsons-27x20-to-courier-with-love"
595,27,21,15 May 16,"Simprovised","https://www.tvmaze.com/episodes/639648/the-simpsons-27x21-simprovised"
596,27,22,22 May 16,"Orange is the New Yellow","https://www.tvmaze.com/episodes/540718/the-simpsons-27x22-orange-is-the-new-yellow"
597,28,1,25 Sep 16,"Monty Burns' Fleeing Circus","https://www.tvmaze.com/episodes/819653/the-simpsons-28x01-monty-burns-fleeing-circus"
598,28,2,02 Oct 16,"Friends and Family","https://www.tvmaze.com/episodes/911625/the-simpsons-28x02-friends-and-family"
599,28,3,09 Oct 16,"The Town","https://www.tvmaze.com/episodes/924338/the-simpsons-28x03-the-town"
600,28,4,16 Oct 16,"Treehouse of Horror XXVII","https://www.tvmaze.com/episodes/894503/the-simpsons-28x04-treehouse-of-horror-xxvii"
601,28,5,23 Oct 16,"Trust But Clarify","https://www.tvmaze.com/episodes/924339/the-simpsons-28x05-trust-but-clarify"
602,28,6,06 Nov 16,"There Will Be Buds","https://www.tvmaze.com/episodes/958656/the-simpsons-28x06-there-will-be-buds"
603,28,7,13 Nov 16,"Havana Wild Weekend","https://www.tvmaze.com/episodes/967333/the-simpsons-28x07-havana-wild-weekend"
604,28,8,20 Nov 16,"Dad Behavior","https://www.tvmaze.com/episodes/974912/the-simpsons-28x08-dad-behavior"
605,28,9,04 Dec 16,"The Last Traction Hero","https://www.tvmaze.com/episodes/981369/the-simpsons-28x09-the-last-traction-hero"
606,28,10,11 Dec 16,"The Nightmare After Krustmas","https://www.tvmaze.com/episodes/981062/the-simpsons-28x10-the-nightmare-after-krustmas"
607,28,11,08 Jan 17,"Pork & Burns","https://www.tvmaze.com/episodes/1009805/the-simpsons-28x11-pork-burns"
608,28,12,15 Jan 17,"The Great Phatsby, Part One (60 min)","https://www.tvmaze.com/episodes/1030556/the-simpsons-28x12-the-great-phatsby-part-one"
609,28,13,15 Jan 17,"The Great Phatsby, Part Two","https://www.tvmaze.com/episodes/1080933/the-simpsons-28x13-the-great-phatsby-part-two"
610,28,14,12 Feb 17,"Fatzcarraldo","https://www.tvmaze.com/episodes/1044448/the-simpsons-28x14-fatzcarraldo"
611,28,15,19 Feb 17,"The Cad and the Hat","https://www.tvmaze.com/episodes/1046173/the-simpsons-28x15-the-cad-and-the-hat"
612,28,16,05 Mar 17,"Kamp Krustier","https://www.tvmaze.com/episodes/1067420/the-simpsons-28x16-kamp-krustier"
613,28,17,12 Mar 17,"22 for 30","https://www.tvmaze.com/episodes/1075112/the-simpsons-28x17-22-for-30"
614,28,18,19 Mar 17,"A Father's Watch","https://www.tvmaze.com/episodes/1080731/the-simpsons-28x18-a-fathers-watch"
615,28,19,02 Apr 17,"Caper Chase","https://www.tvmaze.com/episodes/1096414/the-simpsons-28x19-caper-chase"
616,28,20,30 Apr 17,"Looking for Mr. Goodbart","https://www.tvmaze.com/episodes/1107597/the-simpsons-28x20-looking-for-mr-goodbart"
617,28,21,07 May 17,"Moho House","https://www.tvmaze.com/episodes/1107598/the-simpsons-28x21-moho-house"
618,28,22,21 May 17,"Dogtown","https://www.tvmaze.com/episodes/1107599/the-simpsons-28x22-dogtown"
619,29,1,01 Oct 17,"The Serfsons","https://www.tvmaze.com/episodes/1223232/the-simpsons-29x01-the-serfsons"
620,29,2,08 Oct 17,"Springfield Splendor","https://www.tvmaze.com/episodes/1279155/the-simpsons-29x02-springfield-splendor"
621,29,3,15 Oct 17,"Whistler's Father","https://www.tvmaze.com/episodes/1312214/the-simpsons-29x03-whistlers-father"
622,29,4,22 Oct 17,"Treehouse of Horror XXVIII","https://www.tvmaze.com/episodes/1312331/the-simpsons-29x04-treehouse-of-horror-xxviii"
623,29,5,05 Nov 17,"Grampy Can Ya Hear Me","https://www.tvmaze.com/episodes/1328854/the-simpsons-29x05-grampy-can-ya-hear-me"
624,29,6,12 Nov 17,"The Old Blue Mayor She Ain't What She Used to Be","https://www.tvmaze.com/episodes/1335322/the-simpsons-29x06-the-old-blue-mayor-she-aint-what-she-used-to-be"
625,29,7,19 Nov 17,"Singin' in the Lane","https://www.tvmaze.com/episodes/1340988/the-simpsons-29x07-singin-in-the-lane"
626,29,8,03 Dec 17,"Mr. Lisa's Opus","https://www.tvmaze.com/episodes/1351022/the-simpsons-29x08-mr-lisas-opus"
627,29,9,10 Dec 17,"Gone Boy","https://www.tvmaze.com/episodes/1346530/the-simpsons-29x09-gone-boy"
628,29,10,07 Jan 18,"Haw-Haw Land","https://www.tvmaze.com/episodes/1360704/the-simpsons-29x10-haw-haw-land"
629,29,11,14 Jan 18,"Frink Gets Testy","https://www.tvmaze.com/episodes/1360705/the-simpsons-29x11-frink-gets-testy"
630,29,12,18 Mar 18,"Homer is Where the Art Isn't","https://www.tvmaze.com/episodes/1398636/the-simpsons-29x12-homer-is-where-the-art-isnt"
631,29,13,25 Mar 18,"3 Scenes Plus a Tag from a Marriage","https://www.tvmaze.com/episodes/1388530/the-simpsons-29x13-3-scenes-plus-a-tag-from-a-marriage"
632,29,14,01 Apr 18,"Fears of a Clown","https://www.tvmaze.com/episodes/1408446/the-simpsons-29x14-fears-of-a-clown"
633,29,15,08 Apr 18,"No Good Read Goes Unpunished","https://www.tvmaze.com/episodes/1402825/the-simpsons-29x15-no-good-read-goes-unpunished"
634,29,16,15 Apr 18,"King Leer","https://www.tvmaze.com/episodes/1418935/the-simpsons-29x16-king-leer"
635,29,17,22 Apr 18,"Lisa Gets the Blues","https://www.tvmaze.com/episodes/1416173/the-simpsons-29x17-lisa-gets-the-blues"
636,29,18,29 Apr 18,"Forgive and Regret","https://www.tvmaze.com/episodes/1436309/the-simpsons-29x18-forgive-and-regret"
637,29,19,06 May 18,"Left Behind","https://www.tvmaze.com/episodes/1436310/the-simpsons-29x19-left-behind"
638,29,20,13 May 18,"Throw Grampa from the Dane","https://www.tvmaze.com/episodes/1436311/the-simpsons-29x20-throw-grampa-from-the-dane"
639,29,21,20 May 18,"Flanders' Ladder","https://www.tvmaze.com/episodes/1436312/the-simpsons-29x21-flanders-ladder"
640,30,1,30 Sep 18,"Bart's Not Dead","https://www.tvmaze.com/episodes/1486781/the-simpsons-30x01-barts-not-dead"
641,30,2,07 Oct 18,"Heartbreak Hotel","https://www.tvmaze.com/episodes/1528795/the-simpsons-30x02-heartbreak-hotel"
642,30,3,14 Oct 18,"My Way or the Highway to Heaven","https://www.tvmaze.com/episodes/1528796/the-simpsons-30x03-my-way-or-the-highway-to-heaven"
643,30,4,21 Oct 18,"Treehouse of Horror XXIX","https://www.tvmaze.com/episodes/1528797/the-simpsons-30x04-treehouse-of-horror-xxix"
644,30,5,04 Nov 18,"Baby You Can't Drive My Car","https://www.tvmaze.com/episodes/1544184/the-simpsons-30x05-baby-you-cant-drive-my-car"
645,30,6,11 Nov 18,"From Russia Without Love","https://www.tvmaze.com/episodes/1548324/the-simpsons-30x06-from-russia-without-love"
646,30,7,18 Nov 18,"Werking Mom","https://www.tvmaze.com/episodes/1552433/the-simpsons-30x07-werking-mom"
647,30,8,25 Nov 18,"Krusty the Clown","https://www.tvmaze.com/episodes/1553223/the-simpsons-30x08-krusty-the-clown"
648,30,9,02 Dec 18,"Daddicus Finch","https://www.tvmaze.com/episodes/1553224/the-simpsons-30x09-daddicus-finch"
649,30,10,09 Dec 18,"'Tis the 30th Season","https://www.tvmaze.com/episodes/1553225/the-simpsons-30x10-tis-the-30th-season"
650,30,11,06 Jan 19,"Mad About the Toy","https://www.tvmaze.com/episodes/1577397/the-simpsons-30x11-mad-about-the-toy"
651,30,12,13 Jan 19,"The Girl on the Bus","https://www.tvmaze.com/episodes/1577398/the-simpsons-30x12-the-girl-on-the-bus"
652,30,13,10 Feb 19,"I'm Dancing as Fat as I Can","https://www.tvmaze.com/episodes/1592852/the-simpsons-30x13-im-dancing-as-fat-as-i-can"
653,30,14,17 Feb 19,"The Clown Stays in the Picture","https://www.tvmaze.com/episodes/1596123/the-simpsons-30x14-the-clown-stays-in-the-picture"
654,30,15,03 Mar 19,"101 Mitigations","https://www.tvmaze.com/episodes/1610363/the-simpsons-30x15-101-mitigations"
655,30,16,10 Mar 19,"I Want You (She's So Heavy)","https://www.tvmaze.com/episodes/1610370/the-simpsons-30x16-i-want-you-shes-so-heavy"
656,30,17,17 Mar 19,"E My Sports","https://www.tvmaze.com/episodes/1613237/the-simpsons-30x17-e-my-sports"
657,30,18,24 Mar 19,"Bart vs. Itchy & Scratchy","https://www.tvmaze.com/episodes/1616515/the-simpsons-30x18-bart-vs-itchy-scratchy"
658,30,19,31 Mar 19,"Girl's in the Band","https://www.tvmaze.com/episodes/1619573/the-simpsons-30x19-girls-in-the-band"
659,30,20,07 Apr 19,"I'm Just a Girl Who Can't Say D'oh","https://www.tvmaze.com/episodes/1628804/the-simpsons-30x20-im-just-a-girl-who-cant-say-doh"
660,30,21,28 Apr 19,"D'oh Canada","https://www.tvmaze.com/episodes/1634960/the-simpsons-30x21-doh-canada"
661,30,22,05 May 19,"Woo-Hoo Dunnit","https://www.tvmaze.com/episodes/1636168/the-simpsons-30x22-woo-hoo-dunnit"
662,30,23,12 May 19,"Crystal Blue-Haired Persuasion","https://www.tvmaze.com/episodes/1636169/the-simpsons-30x23-crystal-blue-haired-persuasion"
S21,21,0,10 Jan 10,"The Simpsons 20th Anniversary Special - In 3-D! on Ice!","https://www.tvmaze.com/episodes/5554/the-simpsons-s21-special-the-simpsons-20th-anniversary-special-in-3-d-on-ice"
S24,24,0,19 Oct 12,"Stand Up to Cancer","https://www.tvmaze.com/episodes/5555/the-simpsons-s24-special-stand-up-to-cancer"
S18,18,0,21 Jul 07,"The Simpsons Movie (90 min)","https://www.tvmaze.com/episodes/109686/the-simpsons-s18-special-the-simpsons-movie"
S24,24,0,17 Feb 13,"The Longest Daycare","https://www.tvmaze.com/episodes/109687/the-simpsons-s24-special-the-longest-daycare"
S29,29,0,22 Oct 17,"Springfield of Dreams: The Legend of Homer Simpson (60 min)","https://www.tvmaze.com/episodes/1338752/the-simpsons-s29-special-springfield-of-dreams-the-legend-of-homer-simpson"

		
